{ "_id" : { "$oid" : "53f20445dabe6e13f28af013" }, "status" : false, "code" : 400, "url" : "http://www.liberatin.fr", "step" : "request", "msg" : "Request answer was not understood HTTPConnectionPool(host='www.liberatin.fr', port=80): Max retries exceeded with url: / (Caused by <class 'socket.gaierror'>: [Errno -2] Name or service not known)" }
{ "_id" : { "$oid" : "53f20622dabe6e146498743e" }, "status" : false, "code" : 400, "url" : "http://www.liberatin.fr", "step" : "request", "msg" : "Request answer was not understood HTTPConnectionPool(host='www.liberatin.fr', port=80): Max retries exceeded with url: / (Caused by <class 'socket.gaierror'>: [Errno -2] Name or service not known)" }
{ "_id" : { "$oid" : "53f20624dabe6e1464987441" }, "status" : false, "code" : -2, "url" : "http://tempsreel.nouvelobs.com/tag/ebola", "msg" : [ "'NoneType' object has no attribute 'cssselect'" ], "scope" : "article extraction" }
{ "_id" : { "$oid" : "53f20626dabe6e1464987445" }, "status" : false, "code" : -2, "url" : "http://fr.wikipedia.org/wiki/Ebola", "msg" : [ "'NoneType' object has no attribute 'cssselect'" ], "scope" : "article extraction" }
{ "_id" : { "$oid" : "53f20632dabe6e146498744f" }, "status" : false, "code" : -2, "url" : "http://www.giantmicrobes.com/fr/products/ebola.html", "msg" : [ "'NoneType' object has no attribute 'cssselect'" ], "scope" : "article extraction" }
{ "_id" : { "$oid" : "53f20633dabe6e1464987450" }, "status" : false, "code" : -2, "url" : "http://www.futura-sciences.com/photos/d/virus-bacteries-plus-mortels-709/ebola-virus-mortalite-plus-elevee-5154/", "msg" : [ "'NoneType' object has no attribute 'cssselect'" ], "scope" : "article extraction" }
{ "_id" : { "$oid" : "53f20639dabe6e1464987455" }, "status" : false, "code" : -2, "url" : "http://www.francetvinfo.fr/sante/maladie/ebola/", "msg" : [ "'NoneType' object has no attribute 'cssselect'" ], "scope" : "article extraction" }
{ "_id" : { "$oid" : "53f2063ddabe6e1464987458" }, "status" : false, "code" : -2, "url" : "http://healthmap.org/ebola/", "msg" : [ "'NoneType' object has no attribute 'cssselect'" ], "scope" : "article extraction" }
{ "_id" : { "$oid" : "53f2065edabe6e14976ce716" }, "status" : false, "code" : -2, "url" : "http://www.france24.com/fr/tag/virus-ebola/", "msg" : [ "'NoneType' object has no attribute 'cssselect'" ], "scope" : "article extraction" }
{ "_id" : { "$oid" : "53f20690dabe6e14ca48c315" }, "status" : false, "code" : -2, "url" : "http://tempsreel.nouvelobs.com/sante/20140818.OBS6568/ebola-quand-medecins-et-infirmieres-se-sacrifient.html", "msg" : [ "'NoneType' object has no attribute 'cssselect'" ], "scope" : "article extraction" }
{ "_id" : { "$oid" : "53f20692dabe6e14ca48c316" }, "status" : false, "code" : 400, "url" : "http://www.liberatin.fr", "step" : "request", "msg" : "Request answer was not understood HTTPConnectionPool(host='www.liberatin.fr', port=80): Max retries exceeded with url: / (Caused by <class 'socket.gaierror'>: [Errno -2] Name or service not known)" }
{ "_id" : { "$oid" : "53f20693dabe6e14ca48c319" }, "status" : false, "code" : -2, "url" : "http://tempsreel.nouvelobs.com/tag/ebola", "msg" : [ "'NoneType' object has no attribute 'cssselect'" ], "scope" : "article extraction" }
{ "_id" : { "$oid" : "53f20695dabe6e14ca48c31d" }, "status" : false, "code" : -2, "url" : "http://fr.wikipedia.org/wiki/Ebola", "msg" : [ "'NoneType' object has no attribute 'cssselect'" ], "scope" : "article extraction" }
{ "_id" : { "$oid" : "53f2069fdabe6e14ca48c327" }, "status" : false, "code" : -2, "url" : "http://www.giantmicrobes.com/fr/products/ebola.html", "msg" : [ "'NoneType' object has no attribute 'cssselect'" ], "scope" : "article extraction" }
{ "_id" : { "$oid" : "53f206a0dabe6e14ca48c328" }, "status" : false, "code" : -2, "url" : "http://www.futura-sciences.com/photos/d/virus-bacteries-plus-mortels-709/ebola-virus-mortalite-plus-elevee-5154/", "msg" : [ "'NoneType' object has no attribute 'cssselect'" ], "scope" : "article extraction" }
{ "_id" : { "$oid" : "53f206a9dabe6e14ca48c32f" }, "status" : false, "code" : -2, "url" : "http://healthmap.org/ebola/", "msg" : [ "'NoneType' object has no attribute 'cssselect'" ], "scope" : "article extraction" }
{ "_id" : { "$oid" : "53f206bcdabe6e14ca48c341" }, "status" : false, "code" : -2, "url" : "http://www.francetvinfo.fr/sante/maladie/ebola/", "msg" : [ "'NoneType' object has no attribute 'cssselect'" ], "scope" : "article extraction" }
{ "_id" : { "$oid" : "53f206c0dabe6e14ca48c346" }, "status" : false, "code" : -2, "url" : "http://www.france24.com/fr/tag/virus-ebola/", "msg" : [ "'NoneType' object has no attribute 'cssselect'" ], "scope" : "article extraction" }
{ "_id" : { "$oid" : "53f207eedabe6e155d0fb432" }, "status" : false, "code" : 400, "url" : "http://www.liberatin.fr", "step" : "request", "msg" : "Request answer was not understood HTTPConnectionPool(host='www.liberatin.fr', port=80): Max retries exceeded with url: / (Caused by <class 'socket.gaierror'>: [Errno -2] Name or service not known)" }
{ "_id" : { "$oid" : "53f207f1dabe6e155d0fb435" }, "status" : false, "code" : -2, "url" : "http://tempsreel.nouvelobs.com/tag/ebola", "msg" : [ "'NoneType' object has no attribute 'cssselect'" ], "scope" : "article extraction" }
{ "_id" : { "$oid" : "53f207f2dabe6e155d0fb439" }, "status" : false, "code" : -2, "url" : "http://fr.wikipedia.org/wiki/Ebola", "msg" : [ "'NoneType' object has no attribute 'cssselect'" ], "scope" : "article extraction" }
{ "_id" : { "$oid" : "53f20803dabe6e155d0fb43f" }, "status" : false, "code" : 400, "url" : "http://www.deezer.com/artist/115179", "step" : "request", "msg" : "Request answer was not understood (<requests.packages.urllib3.connectionpool.HTTPConnectionPool object at 0x7f34f4341110>, 'Connection to www.deezer.com timed out. (connect timeout=5)')" }
{ "_id" : { "$oid" : "53f20806dabe6e155d0fb443" }, "status" : false, "code" : -2, "url" : "http://www.giantmicrobes.com/fr/products/ebola.html", "msg" : [ "'NoneType' object has no attribute 'cssselect'" ], "scope" : "article extraction" }
{ "_id" : { "$oid" : "53f20806dabe6e155d0fb444" }, "status" : false, "code" : -2, "url" : "http://www.futura-sciences.com/photos/d/virus-bacteries-plus-mortels-709/ebola-virus-mortalite-plus-elevee-5154/", "msg" : [ "'NoneType' object has no attribute 'cssselect'" ], "scope" : "article extraction" }
{ "_id" : { "$oid" : "53f2080cdabe6e155d0fb449" }, "status" : false, "code" : -2, "url" : "http://www.francetvinfo.fr/sante/maladie/ebola/", "msg" : [ "'NoneType' object has no attribute 'cssselect'" ], "scope" : "article extraction" }
{ "_id" : { "$oid" : "53f2080fdabe6e155d0fb44b" }, "status" : false, "code" : -2, "url" : "http://www.ndtv.com/topic/ebola", "msg" : [ "Unicode strings with encoding declaration are not supported. Please use bytes input or XML fragments without declaration." ], "scope" : "article extraction" }
{ "_id" : { "$oid" : "53f20810dabe6e155d0fb44c" }, "status" : false, "code" : -2, "url" : "http://healthmap.org/ebola/", "msg" : [ "'NoneType' object has no attribute 'cssselect'" ], "scope" : "article extraction" }
{ "_id" : { "$oid" : "53f20814dabe6e155d0fb451" }, "status" : false, "code" : -2, "url" : "http://www.france24.com/fr/tag/virus-ebola/", "msg" : [ "'NoneType' object has no attribute 'cssselect'" ], "scope" : "article extraction" }
{ "_id" : { "$oid" : "53f20818dabe6e155d0fb456" }, "status" : false, "code" : -2, "url" : "http://tempsreel.nouvelobs.com/sante/20140818.OBS6568/ebola-quand-medecins-et-infirmieres-se-sacrifient.html", "msg" : [ "'NoneType' object has no attribute 'cssselect'" ], "scope" : "article extraction" }
{ "_id" : { "$oid" : "53f20888dabe6e15887a3d9e" }, "status" : false, "code" : 400, "url" : "http://www.liberatin.fr", "step" : "request", "msg" : "Request answer was not understood HTTPConnectionPool(host='www.liberatin.fr', port=80): Max retries exceeded with url: / (Caused by <class 'socket.gaierror'>: [Errno -2] Name or service not known)" }
{ "_id" : { "$oid" : "53f2088adabe6e15887a3da1" }, "status" : false, "code" : -2, "url" : "http://tempsreel.nouvelobs.com/tag/ebola", "msg" : [ "'NoneType' object has no attribute 'cssselect'" ], "scope" : "article extraction" }
{ "_id" : { "$oid" : "53f2088cdabe6e15887a3da5" }, "status" : false, "code" : -2, "url" : "http://fr.wikipedia.org/wiki/Ebola", "msg" : [ "'NoneType' object has no attribute 'cssselect'" ], "scope" : "article extraction" }
{ "_id" : { "$oid" : "53f2089bdabe6e15887a3dab" }, "status" : false, "code" : 400, "url" : "http://www.deezer.com/artist/115179", "step" : "request", "msg" : "Request answer was not understood (<requests.packages.urllib3.connectionpool.HTTPConnectionPool object at 0x7f1370469390>, 'Connection to www.deezer.com timed out. (connect timeout=5)')" }
{ "_id" : { "$oid" : "53f208a1dabe6e15887a3dae" }, "status" : false, "code" : 400, "url" : "http://abcnews.go.com/topics/lifestyle/health/ebola-virus.htm", "step" : "request", "msg" : "Request answer was not understood timed out" }
{ "_id" : { "$oid" : "53f208acdabe6e15887a3daf" }, "status" : false, "code" : -2, "url" : "http://www.giantmicrobes.com/fr/products/ebola.html", "msg" : [ "'NoneType' object has no attribute 'cssselect'" ], "scope" : "article extraction" }
{ "_id" : { "$oid" : "53f208addabe6e15887a3db0" }, "status" : false, "code" : -2, "url" : "http://www.futura-sciences.com/photos/d/virus-bacteries-plus-mortels-709/ebola-virus-mortalite-plus-elevee-5154/", "msg" : [ "'NoneType' object has no attribute 'cssselect'" ], "scope" : "article extraction" }
{ "_id" : { "$oid" : "53f208b8dabe6e15887a3db2" }, "status" : false, "code" : 400, "url" : "http://time.com/tag/ebola/", "step" : "request", "msg" : "Request answer was not understood HTTPConnectionPool(host='time.com', port=80): Read timed out. (read timeout=5)" }
{ "_id" : { "$oid" : "53f208c2dabe6e15887a3db3" }, "status" : false, "code" : 400, "url" : "http://en.wikipedia.org/wiki/Ebola_virus_disease", "step" : "request", "msg" : "Request answer was not understood HTTPConnectionPool(host='en.wikipedia.org', port=80): Max retries exceeded with url: /wiki/Ebola_virus_disease (Caused by <class 'socket.gaierror'>: [Errno -2] Name or service not known)" }
{ "_id" : { "$oid" : "53f208ccdabe6e15887a3db4" }, "status" : false, "code" : 400, "url" : "http://www.slate.fr/story/90979/ebola-traitement-faq", "step" : "request", "msg" : "Request answer was not understood HTTPConnectionPool(host='www.slate.fr', port=80): Max retries exceeded with url: /story/90979/ebola-traitement-faq (Caused by <class 'socket.gaierror'>: [Errno -2] Name or service not known)" }
{ "_id" : { "$oid" : "53f208d6dabe6e15887a3db5" }, "status" : false, "code" : 400, "url" : "http://www.francetvinfo.fr/sante/maladie/ebola/", "step" : "request", "msg" : "Request answer was not understood HTTPConnectionPool(host='www.francetvinfo.fr', port=80): Max retries exceeded with url: /sante/maladie/ebola/ (Caused by <class 'socket.gaierror'>: [Errno -2] Name or service not known)" }
{ "_id" : { "$oid" : "53f208e0dabe6e15887a3db6" }, "status" : false, "code" : 400, "url" : "http://abcnews.go.com/Health/ebola/", "step" : "request", "msg" : "Request answer was not understood HTTPConnectionPool(host='abcnews.go.com', port=80): Max retries exceeded with url: /Health/ebola/ (Caused by <class 'socket.gaierror'>: [Errno -2] Name or service not known)" }
{ "_id" : { "$oid" : "53f208eadabe6e15887a3db7" }, "status" : false, "code" : 400, "url" : "http://www.ndtv.com/topic/ebola", "step" : "request", "msg" : "Request answer was not understood HTTPConnectionPool(host='www.ndtv.com', port=80): Max retries exceeded with url: /topic/ebola (Caused by <class 'socket.gaierror'>: [Errno -2] Name or service not known)" }
{ "_id" : { "$oid" : "53f208f9dabe6e15887a3db8" }, "status" : false, "code" : 400, "url" : "http://healthmap.org/ebola/", "step" : "request", "msg" : "Request answer was not understood (<requests.packages.urllib3.connectionpool.HTTPConnectionPool object at 0x7f137046c850>, 'Connection to healthmap.org timed out. (connect timeout=5)')" }
{ "_id" : { "$oid" : "53f2090ddabe6e15887a3db9" }, "status" : false, "code" : 400, "url" : "http://www.telegraph.co.uk/news/worldnews/ebola/", "step" : "request", "msg" : "Request answer was not understood HTTPConnectionPool(host='www.telegraph.co.uk', port=80): Max retries exceeded with url: /news/worldnews/ebola/ (Caused by <class 'socket.gaierror'>: [Errno -2] Name or service not known)" }
{ "_id" : { "$oid" : "53f2090ddabe6e15887a3dba" }, "status" : false, "code" : 400, "url" : "http://www.rfi.fr/emission/20140701-1-ebola/", "step" : "request", "msg" : "Request answer was not understood HTTPConnectionPool(host='www.rfi.fr', port=80): Max retries exceeded with url: /emission/20140701-1-ebola/ (Caused by <class 'socket.gaierror'>: [Errno -2] Name or service not known)" }
{ "_id" : { "$oid" : "53f2090ddabe6e15887a3dbb" }, "status" : false, "code" : 400, "url" : "http://www.doctorswithoutborders.org/our-work/medical-issues/ebola", "step" : "request", "msg" : "Request answer was not understood HTTPConnectionPool(host='www.doctorswithoutborders.org', port=80): Max retries exceeded with url: /our-work/medical-issues/ebola (Caused by <class 'socket.gaierror'>: [Errno -2] Name or service not known)" }
{ "_id" : { "$oid" : "53f2090ddabe6e15887a3dbc" }, "status" : false, "code" : 400, "url" : "http://www.nytimes.com/health/guides/disease/ebola-hemorrhagic-fever/overview.html", "step" : "request", "msg" : "Request answer was not understood HTTPConnectionPool(host='www.nytimes.com', port=80): Max retries exceeded with url: /health/guides/disease/ebola-hemorrhagic-fever/overview.html (Caused by <class 'socket.gaierror'>: [Errno -2] Name or service not known)" }
{ "_id" : { "$oid" : "53f2090ddabe6e15887a3dbd" }, "status" : false, "code" : 400, "url" : "http://www.france24.com/fr/tag/virus-ebola/", "step" : "request", "msg" : "Request answer was not understood HTTPConnectionPool(host='www.france24.com', port=80): Max retries exceeded with url: /fr/tag/virus-ebola/ (Caused by <class 'socket.gaierror'>: [Errno -2] Name or service not known)" }
{ "_id" : { "$oid" : "53f2090ddabe6e15887a3dbe" }, "status" : false, "code" : 400, "url" : "http://www.slate.fr/story/91033/ebola-mandarin-ethique", "step" : "request", "msg" : "Request answer was not understood HTTPConnectionPool(host='www.slate.fr', port=80): Max retries exceeded with url: /story/91033/ebola-mandarin-ethique (Caused by <class 'socket.gaierror'>: [Errno -2] Name or service not known)" }
{ "_id" : { "$oid" : "53f2090ddabe6e15887a3dbf" }, "status" : false, "code" : 400, "url" : "http://www.ladepeche.fr/article/2014/08/18/1935738-ebola-29-malades-s-enfuient.html", "step" : "request", "msg" : "Request answer was not understood HTTPConnectionPool(host='www.ladepeche.fr', port=80): Max retries exceeded with url: /article/2014/08/18/1935738-ebola-29-malades-s-enfuient.html (Caused by <class 'socket.gaierror'>: [Errno -2] Name or service not known)" }
{ "_id" : { "$oid" : "53f2090ddabe6e15887a3dc0" }, "status" : false, "code" : 400, "url" : "http://www.lefigaro.fr/flash-actu/2014/08/17/97001-20140817FILWWW00018-ebola-1er-cas-suspect-en-espagne.php", "step" : "request", "msg" : "Request answer was not understood HTTPConnectionPool(host='www.lefigaro.fr', port=80): Max retries exceeded with url: /flash-actu/2014/08/17/97001-20140817FILWWW00018-ebola-1er-cas-suspect-en-espagne.php (Caused by <class 'socket.gaierror'>: [Errno -2] Name or service not known)" }
{ "_id" : { "$oid" : "53f2090ddabe6e15887a3dc1" }, "status" : false, "code" : 400, "url" : "http://www.lefigaro.fr/international/2014/08/09/01003-20140809ARTFIG00136-ebola-la-zambie-et-la-guinee-ferment-leurs-frontieres.php", "step" : "request", "msg" : "Request answer was not understood HTTPConnectionPool(host='www.lefigaro.fr', port=80): Max retries exceeded with url: /international/2014/08/09/01003-20140809ARTFIG00136-ebola-la-zambie-et-la-guinee-ferment-leurs-frontieres.php (Caused by <class 'socket.gaierror'>: [Errno -2] Name or service not known)" }
{ "_id" : { "$oid" : "53f2090edabe6e15887a3dc2" }, "status" : false, "code" : 400, "url" : "http://tempsreel.nouvelobs.com/sante/20140818.OBS6568/ebola-quand-medecins-et-infirmieres-se-sacrifient.html", "step" : "request", "msg" : "Request answer was not understood HTTPConnectionPool(host='tempsreel.nouvelobs.com', port=80): Max retries exceeded with url: /sante/20140818.OBS6568/ebola-quand-medecins-et-infirmieres-se-sacrifient.html (Caused by <class 'socket.gaierror'>: [Errno -2] Name or service not known)" }
{ "_id" : { "$oid" : "53f2090edabe6e15887a3dc3" }, "status" : false, "code" : 400, "url" : "http://ebola.emedtv.com/ebola/ebola-symptoms.html", "step" : "request", "msg" : "Request answer was not understood HTTPConnectionPool(host='ebola.emedtv.com', port=80): Max retries exceeded with url: /ebola/ebola-symptoms.html (Caused by <class 'socket.gaierror'>: [Errno -2] Name or service not known)" }
{ "_id" : { "$oid" : "53f2090edabe6e15887a3dc4" }, "status" : false, "code" : 400, "url" : "http://www.futura-sciences.com/magazines/sante/infos/dico/d/medecine-fievre-hemorragique-virus-ebola-4217/", "step" : "request", "msg" : "Request answer was not understood HTTPConnectionPool(host='www.futura-sciences.com', port=80): Max retries exceeded with url: /magazines/sante/infos/dico/d/medecine-fievre-hemorragique-virus-ebola-4217/ (Caused by <class 'socket.gaierror'>: [Errno -2] Name or service not known)" }
{ "_id" : { "$oid" : "53f2090edabe6e15887a3dc5" }, "status" : false, "code" : 400, "url" : "http://www.lesechos.fr/monde/europe/0203706691534-ebola-un-cas-suspect-en-espagne-1033554.php", "step" : "request", "msg" : "Request answer was not understood HTTPConnectionPool(host='www.lesechos.fr', port=80): Max retries exceeded with url: /monde/europe/0203706691534-ebola-un-cas-suspect-en-espagne-1033554.php (Caused by <class 'socket.gaierror'>: [Errno -2] Name or service not known)" }
{ "_id" : { "$oid" : "53f2090edabe6e15887a3dc6" }, "status" : false, "code" : 400, "url" : "http://news.msn.com/world/liberia-ebola-fears-rise-as-clinic-is-looted", "step" : "request", "msg" : "Request answer was not understood HTTPConnectionPool(host='news.msn.com', port=80): Max retries exceeded with url: /world/liberia-ebola-fears-rise-as-clinic-is-looted (Caused by <class 'socket.gaierror'>: [Errno -2] Name or service not known)" }
{ "_id" : { "$oid" : "53f2090edabe6e15887a3dc7" }, "status" : false, "code" : 400, "url" : "http://www.libertebonhomme.fr/2014/08/18/fausse-alerte-au-virus-ebola-au-chu-de-caen/", "step" : "request", "msg" : "Request answer was not understood HTTPConnectionPool(host='www.libertebonhomme.fr', port=80): Max retries exceeded with url: /2014/08/18/fausse-alerte-au-virus-ebola-au-chu-de-caen/ (Caused by <class 'socket.gaierror'>: [Errno -2] Name or service not known)" }
{ "_id" : { "$oid" : "53f2090edabe6e15887a3dc8" }, "status" : false, "code" : 400, "url" : "http://www.europe1.fr/International/Ebola-au-Liberia-un-centre-d-isolement-attaque-2204955/", "step" : "request", "msg" : "Request answer was not understood HTTPConnectionPool(host='www.europe1.fr', port=80): Max retries exceeded with url: /International/Ebola-au-Liberia-un-centre-d-isolement-attaque-2204955/ (Caused by <class 'socket.gaierror'>: [Errno -2] Name or service not known)" }
{ "_id" : { "$oid" : "53f2090edabe6e15887a3dc9" }, "status" : false, "code" : 400, "url" : "http://www.infoplease.com/cig/dangerous-diseases-epidemics/ebola-africa-bloody-disease.html", "step" : "request", "msg" : "Request answer was not understood HTTPConnectionPool(host='www.infoplease.com', port=80): Max retries exceeded with url: /cig/dangerous-diseases-epidemics/ebola-africa-bloody-disease.html (Caused by <class 'socket.gaierror'>: [Errno -2] Name or service not known)" }
{ "_id" : { "$oid" : "53f2090edabe6e15887a3dca" }, "status" : false, "code" : 400, "url" : "http://www.lemonde.fr/planete/article/2014/08/06/ebola-quel-scenario-si-une-personne-infectee-arrive-en-france_4467364_3244.html", "step" : "request", "msg" : "Request answer was not understood HTTPConnectionPool(host='www.lemonde.fr', port=80): Max retries exceeded with url: /planete/article/2014/08/06/ebola-quel-scenario-si-une-personne-infectee-arrive-en-france_4467364_3244.html (Caused by <class 'socket.gaierror'>: [Errno -2] Name or service not known)" }
{ "_id" : { "$oid" : "53f2090edabe6e15887a3dcb" }, "status" : false, "code" : 400, "url" : "http://www.liberation.fr/economie/2014/08/17/ebola-poussee-de-violence-au-liberia_1082287", "step" : "request", "msg" : "Request answer was not understood HTTPConnectionPool(host='www.liberation.fr', port=80): Max retries exceeded with url: /economie/2014/08/17/ebola-poussee-de-violence-au-liberia_1082287 (Caused by <class 'socket.gaierror'>: [Errno -2] Name or service not known)" }
{ "_id" : { "$oid" : "53f2090edabe6e15887a3dcc" }, "status" : false, "code" : 400, "url" : "http://www.rfi.fr/afrique/20140807-face-ebola-le-liberia-degaine-etat-urgence-priere/", "step" : "request", "msg" : "Request answer was not understood HTTPConnectionPool(host='www.rfi.fr', port=80): Max retries exceeded with url: /afrique/20140807-face-ebola-le-liberia-degaine-etat-urgence-priere/ (Caused by <class 'socket.gaierror'>: [Errno -2] Name or service not known)" }
{ "_id" : { "$oid" : "53f2090edabe6e15887a3dcd" }, "status" : false, "code" : 400, "url" : "http://www.liberation.fr/monde/2014/08/18/le-liberia-recherche-17-malades-d-ebola-enfuits-d-un-centre-de-soins_1082601", "step" : "request", "msg" : "Request answer was not understood HTTPConnectionPool(host='www.liberation.fr', port=80): Max retries exceeded with url: /monde/2014/08/18/le-liberia-recherche-17-malades-d-ebola-enfuits-d-un-centre-de-soins_1082601 (Caused by <class 'socket.gaierror'>: [Errno -2] Name or service not known)" }
{ "_id" : { "$oid" : "53f23f06dabe6e0ecb923f28" }, "status" : false, "code" : 400, "url" : "http://www.liberatin.fr", "step" : "request", "msg" : "Request answer was not understood HTTPConnectionPool(host='www.liberatin.fr', port=80): Max retries exceeded with url: / (Caused by <class 'socket.gaierror'>: [Errno -2] Name or service not known)" }
{ "_id" : { "$oid" : "53f23f0adabe6e0ecb923f2b" }, "status" : false, "code" : -2, "url" : "http://tempsreel.nouvelobs.com/tag/ebola", "msg" : [ "'NoneType' object has no attribute 'cssselect'" ], "scope" : "article extraction" }
{ "_id" : { "$oid" : "53f23f0ddabe6e0ecb923f2f" }, "status" : false, "code" : -2, "url" : "http://fr.wikipedia.org/wiki/Ebola", "msg" : [ "'NoneType' object has no attribute 'cssselect'" ], "scope" : "article extraction" }
{ "_id" : { "$oid" : "53f23f1ddabe6e0ecb923f39" }, "status" : false, "code" : -2, "url" : "http://www.giantmicrobes.com/fr/products/ebola.html", "msg" : [ "'NoneType' object has no attribute 'cssselect'" ], "scope" : "article extraction" }
{ "_id" : { "$oid" : "53f23f1edabe6e0ecb923f3a" }, "status" : false, "code" : -2, "url" : "http://www.futura-sciences.com/photos/d/virus-bacteries-plus-mortels-709/ebola-virus-mortalite-plus-elevee-5154/", "msg" : [ "'NoneType' object has no attribute 'cssselect'" ], "scope" : "article extraction" }
{ "_id" : { "$oid" : "53f23f32dabe6e0ecb923f3f" }, "status" : false, "code" : -2, "url" : "http://www.francetvinfo.fr/sante/maladie/ebola/", "msg" : [ "'NoneType' object has no attribute 'cssselect'" ], "scope" : "article extraction" }
{ "_id" : { "$oid" : "53f23f36dabe6e0ecb923f42" }, "status" : false, "code" : -2, "url" : "http://healthmap.org/ebola/", "msg" : [ "'NoneType' object has no attribute 'cssselect'" ], "scope" : "article extraction" }
{ "_id" : { "$oid" : "53f23f3edabe6e0ecb923f47" }, "status" : false, "code" : -2, "url" : "http://www.france24.com/fr/tag/virus-ebola/", "msg" : [ "'NoneType' object has no attribute 'cssselect'" ], "scope" : "article extraction" }
{ "_id" : { "$oid" : "53f23f42dabe6e0ecb923f4b" }, "status" : false, "code" : -2, "url" : "http://tempsreel.nouvelobs.com/sante/20140818.OBS6568/ebola-quand-medecins-et-infirmieres-se-sacrifient.html", "msg" : [ "'NoneType' object has no attribute 'cssselect'" ], "scope" : "article extraction" }
{ "_id" : { "$oid" : "53f23fb1dabe6e0f9de839af" }, "status" : false, "code" : 400, "url" : "http://www.liberatin.fr", "step" : "request", "msg" : "Request answer was not understood HTTPConnectionPool(host='www.liberatin.fr', port=80): Max retries exceeded with url: / (Caused by <class 'socket.gaierror'>: [Errno -2] Name or service not known)" }
{ "_id" : { "$oid" : "53f23fb5dabe6e0f9de839b2" }, "status" : false, "code" : -2, "url" : "http://tempsreel.nouvelobs.com/tag/ebola", "msg" : [ "'NoneType' object has no attribute 'cssselect'" ], "scope" : "article extraction" }
{ "_id" : { "$oid" : "53f23fb7dabe6e0f9de839b6" }, "status" : false, "code" : -2, "url" : "http://fr.wikipedia.org/wiki/Ebola", "msg" : [ "'NoneType' object has no attribute 'cssselect'" ], "scope" : "article extraction" }
{ "_id" : { "$oid" : "53f23fc4dabe6e0f9de839c0" }, "status" : false, "code" : -2, "url" : "http://www.giantmicrobes.com/fr/products/ebola.html", "msg" : [ "'NoneType' object has no attribute 'cssselect'" ], "scope" : "article extraction" }
{ "_id" : { "$oid" : "53f23fc7dabe6e0f9de839c1" }, "status" : false, "code" : -2, "url" : "http://www.futura-sciences.com/photos/d/virus-bacteries-plus-mortels-709/ebola-virus-mortalite-plus-elevee-5154/", "msg" : [ "'NoneType' object has no attribute 'cssselect'" ], "scope" : "article extraction" }
{ "_id" : { "$oid" : "53f23fcfdabe6e0f9de839c6" }, "status" : false, "code" : -2, "url" : "http://www.francetvinfo.fr/sante/maladie/ebola/", "msg" : [ "'NoneType' object has no attribute 'cssselect'" ], "scope" : "article extraction" }
{ "_id" : { "$oid" : "53f23fd3dabe6e0f9de839c9" }, "status" : false, "code" : -2, "url" : "http://healthmap.org/ebola/", "msg" : [ "'NoneType' object has no attribute 'cssselect'" ], "scope" : "article extraction" }
{ "_id" : { "$oid" : "53f23fdbdabe6e0f9de839ce" }, "status" : false, "code" : -2, "url" : "http://www.france24.com/fr/tag/virus-ebola/", "msg" : [ "'NoneType' object has no attribute 'cssselect'" ], "scope" : "article extraction" }
{ "_id" : { "$oid" : "53f23fe0dabe6e0f9de839d3" }, "status" : false, "code" : -2, "url" : "http://tempsreel.nouvelobs.com/sante/20140818.OBS6568/ebola-quand-medecins-et-infirmieres-se-sacrifient.html", "msg" : [ "'NoneType' object has no attribute 'cssselect'" ], "scope" : "article extraction" }
{ "_id" : { "$oid" : "53f24029dabe6e104a4f8dbf" }, "status" : false, "code" : 400, "url" : "http://www.liberatin.fr", "step" : "request", "msg" : "Request answer was not understood HTTPConnectionPool(host='www.liberatin.fr', port=80): Max retries exceeded with url: / (Caused by <class 'socket.gaierror'>: [Errno -2] Name or service not known)" }
{ "_id" : { "$oid" : "53f2402cdabe6e104a4f8dc2" }, "status" : false, "code" : -2, "url" : "http://tempsreel.nouvelobs.com/tag/ebola", "msg" : [ "'NoneType' object has no attribute 'cssselect'" ], "scope" : "article extraction" }
{ "_id" : { "$oid" : "53f2402edabe6e104a4f8dc6" }, "status" : false, "code" : -2, "url" : "http://fr.wikipedia.org/wiki/Ebola", "msg" : [ "'NoneType' object has no attribute 'cssselect'" ], "scope" : "article extraction" }
{ "_id" : { "$oid" : "53f2403bdabe6e104a4f8dd0" }, "status" : false, "code" : -2, "url" : "http://www.giantmicrobes.com/fr/products/ebola.html", "msg" : [ "'NoneType' object has no attribute 'cssselect'" ], "scope" : "article extraction" }
{ "_id" : { "$oid" : "53f2403cdabe6e104a4f8dd1" }, "status" : false, "code" : -2, "url" : "http://www.futura-sciences.com/photos/d/virus-bacteries-plus-mortels-709/ebola-virus-mortalite-plus-elevee-5154/", "msg" : [ "'NoneType' object has no attribute 'cssselect'" ], "scope" : "article extraction" }
{ "_id" : { "$oid" : "53f24043dabe6e104a4f8dd6" }, "status" : false, "code" : -2, "url" : "http://www.francetvinfo.fr/sante/maladie/ebola/", "msg" : [ "'NoneType' object has no attribute 'cssselect'" ], "scope" : "article extraction" }
{ "_id" : { "$oid" : "53f24050dabe6e104a4f8dd9" }, "status" : false, "code" : -2, "url" : "http://healthmap.org/ebola/", "msg" : [ "'NoneType' object has no attribute 'cssselect'" ], "scope" : "article extraction" }
{ "_id" : { "$oid" : "53f24055dabe6e104a4f8dde" }, "status" : false, "code" : -2, "url" : "http://www.france24.com/fr/tag/virus-ebola/", "msg" : [ "'NoneType' object has no attribute 'cssselect'" ], "scope" : "article extraction" }
{ "_id" : { "$oid" : "53f24059dabe6e104a4f8de2" }, "status" : false, "code" : -2, "url" : "http://tempsreel.nouvelobs.com/sante/20140818.OBS6568/ebola-quand-medecins-et-infirmieres-se-sacrifient.html", "msg" : [ "'NoneType' object has no attribute 'cssselect'" ], "scope" : "article extraction" }
{ "_id" : { "$oid" : "53f27edadabe6e1b5b553a23" }, "status" : false, "code" : 400, "url" : "http://www.liberatin.fr", "step" : "request", "msg" : "Request answer was not understood HTTPConnectionPool(host='www.liberatin.fr', port=80): Max retries exceeded with url: / (Caused by <class 'socket.gaierror'>: [Errno -2] Name or service not known)" }
{ "_id" : { "$oid" : "53f27ededabe6e1b5b553a26" }, "status" : false, "code" : -2, "url" : "http://tempsreel.nouvelobs.com/tag/ebola", "msg" : [ "'NoneType' object has no attribute 'cssselect'" ], "scope" : "article extraction" }
{ "_id" : { "$oid" : "53f27edfdabe6e1b5b553a2a" }, "status" : false, "code" : -2, "url" : "http://fr.wikipedia.org/wiki/Ebola", "msg" : [ "'NoneType' object has no attribute 'cssselect'" ], "scope" : "article extraction" }
{ "_id" : { "$oid" : "53f27ef0dabe6e1b5b553a34" }, "status" : false, "code" : -2, "url" : "http://www.giantmicrobes.com/fr/products/ebola.html", "msg" : [ "'NoneType' object has no attribute 'cssselect'" ], "scope" : "article extraction" }
{ "_id" : { "$oid" : "53f27ef2dabe6e1b5b553a35" }, "status" : false, "code" : -2, "url" : "http://www.futura-sciences.com/photos/d/virus-bacteries-plus-mortels-709/ebola-virus-mortalite-plus-elevee-5154/", "msg" : [ "'NoneType' object has no attribute 'cssselect'" ], "scope" : "article extraction" }
{ "_id" : { "$oid" : "53f27efddabe6e1b5b553a3a" }, "status" : false, "code" : -2, "url" : "http://www.francetvinfo.fr/sante/maladie/ebola/", "msg" : [ "'NoneType' object has no attribute 'cssselect'" ], "scope" : "article extraction" }
{ "_id" : { "$oid" : "53f27f05dabe6e1b5b553a3c" }, "status" : false, "code" : -2, "url" : "http://www.ndtv.com/topic/ebola", "msg" : [ "Unicode strings with encoding declaration are not supported. Please use bytes input or XML fragments without declaration." ], "scope" : "article extraction" }
{ "_id" : { "$oid" : "53f27f06dabe6e1b5b553a3d" }, "status" : false, "code" : -2, "url" : "http://healthmap.org/ebola/", "msg" : [ "'NoneType' object has no attribute 'cssselect'" ], "scope" : "article extraction" }
{ "_id" : { "$oid" : "53f27f0ddabe6e1b5b553a42" }, "status" : false, "code" : -2, "url" : "http://www.france24.com/fr/tag/virus-ebola/", "msg" : [ "'NoneType' object has no attribute 'cssselect'" ], "scope" : "article extraction" }
{ "_id" : { "$oid" : "53f27f10dabe6e1b5b553a46" }, "status" : false, "code" : -2, "url" : "http://tempsreel.nouvelobs.com/sante/20140818.OBS6568/ebola-quand-medecins-et-infirmieres-se-sacrifient.html", "msg" : [ "'NoneType' object has no attribute 'cssselect'" ], "scope" : "article extraction" }
{ "_id" : { "$oid" : "53f27f28dabe6e1b6a004a95" }, "status" : false, "code" : -2, "url" : "http://www.france24.com/fr/tag/virus-ebola/", "msg" : [ "'NoneType' object has no attribute 'cssselect'" ], "scope" : "article extraction" }
{ "_id" : { "$oid" : "53f27f2fdabe6e1b6a004a9d" }, "status" : false, "code" : 400, "url" : "http://www.liberatin.fr", "step" : "request", "msg" : "Request answer was not understood HTTPConnectionPool(host='www.liberatin.fr', port=80): Max retries exceeded with url: / (Caused by <class 'socket.gaierror'>: [Errno -2] Name or service not known)" }
{ "_id" : { "$oid" : "53f27f31dabe6e1b6a004aa0" }, "status" : false, "code" : -2, "url" : "http://tempsreel.nouvelobs.com/tag/ebola", "msg" : [ "'NoneType' object has no attribute 'cssselect'" ], "scope" : "article extraction" }
{ "_id" : { "$oid" : "53f27f33dabe6e1b6a004aa4" }, "status" : false, "code" : -2, "url" : "http://fr.wikipedia.org/wiki/Ebola", "msg" : [ "'NoneType' object has no attribute 'cssselect'" ], "scope" : "article extraction" }
{ "_id" : { "$oid" : "53f27f3ddabe6e1b6a004aae" }, "status" : false, "code" : -2, "url" : "http://www.giantmicrobes.com/fr/products/ebola.html", "msg" : [ "'NoneType' object has no attribute 'cssselect'" ], "scope" : "article extraction" }
{ "_id" : { "$oid" : "53f27f3ddabe6e1b6a004aaf" }, "status" : false, "code" : -2, "url" : "http://www.futura-sciences.com/photos/d/virus-bacteries-plus-mortels-709/ebola-virus-mortalite-plus-elevee-5154/", "msg" : [ "'NoneType' object has no attribute 'cssselect'" ], "scope" : "article extraction" }
{ "_id" : { "$oid" : "53f27f43dabe6e1b6a004ab4" }, "status" : false, "code" : -2, "url" : "http://www.francetvinfo.fr/sante/maladie/ebola/", "msg" : [ "'NoneType' object has no attribute 'cssselect'" ], "scope" : "article extraction" }
{ "_id" : { "$oid" : "53f27f47dabe6e1b6a004ab7" }, "status" : false, "code" : -2, "url" : "http://healthmap.org/ebola/", "msg" : [ "'NoneType' object has no attribute 'cssselect'" ], "scope" : "article extraction" }
{ "_id" : { "$oid" : "53f27f4edabe6e1b6a004ac0" }, "status" : false, "code" : -2, "url" : "http://tempsreel.nouvelobs.com/sante/20140818.OBS6568/ebola-quand-medecins-et-infirmieres-se-sacrifient.html", "msg" : [ "'NoneType' object has no attribute 'cssselect'" ], "scope" : "article extraction" }
{ "_id" : { "$oid" : "53f27ff0dabe6e1b8fa2f701" }, "status" : false, "code" : 400, "url" : "http://www.liberatin.fr", "step" : "request", "msg" : "Request answer was not understood HTTPConnectionPool(host='www.liberatin.fr', port=80): Max retries exceeded with url: / (Caused by <class 'socket.gaierror'>: [Errno -2] Name or service not known)" }
{ "_id" : { "$oid" : "53f27ff3dabe6e1b8fa2f704" }, "status" : false, "code" : -2, "url" : "http://tempsreel.nouvelobs.com/tag/ebola", "msg" : [ "'NoneType' object has no attribute 'cssselect'" ], "scope" : "article extraction" }
{ "_id" : { "$oid" : "53f27ff5dabe6e1b8fa2f708" }, "status" : false, "code" : -2, "url" : "http://fr.wikipedia.org/wiki/Ebola", "msg" : [ "'NoneType' object has no attribute 'cssselect'" ], "scope" : "article extraction" }
{ "_id" : { "$oid" : "53f280b2dabe6e1bc5287062" }, "status" : false, "code" : -2, "url" : "http://fr.wikipedia.org/wiki/Ebola", "msg" : [ "'NoneType' object has no attribute 'cssselect'" ], "scope" : "article extraction" }
{ "_id" : { "$oid" : "53f280b9dabe6e1bc5287064" }, "status" : false, "code" : 400, "url" : "http://www.cnn.com/2014/08/16/health/ebola-outbreak/index.html", "step" : "request", "msg" : "Request answer was not understood HTTPConnectionPool(host='edition.cnn.com', port=80): Read timed out. (read timeout=5)" }
{ "_id" : { "$oid" : "53f280bddabe6e1bc5287069" }, "status" : false, "code" : -2, "url" : "http://www.giantmicrobes.com/fr/products/ebola.html", "msg" : [ "'NoneType' object has no attribute 'cssselect'" ], "scope" : "article extraction" }
{ "_id" : { "$oid" : "53f28162dabe6e1be9b309f9" }, "status" : false, "code" : -2, "url" : "http://abcnews.go.com/Health/ebola/", "msg" : [ "'Parser' object has no attribute 'css_select'" ], "scope" : "article extraction" }
{ "_id" : { "$oid" : "53f28162dabe6e1be9b309fa" }, "status" : false, "code" : -2, "url" : "http://www.rfi.fr/emission/20140701-1-ebola/", "msg" : [ "'Parser' object has no attribute 'css_select'" ], "scope" : "article extraction" }
{ "_id" : { "$oid" : "53f28162dabe6e1be9b309fb" }, "status" : false, "code" : -2, "url" : "http://www.france24.com/fr/tag/virus-ebola/", "msg" : [ "'Parser' object has no attribute 'css_select'" ], "scope" : "article extraction" }
{ "_id" : { "$oid" : "53f28163dabe6e1be9b309fc" }, "status" : false, "code" : -2, "url" : "http://www.slate.fr/story/91033/ebola-mandarin-ethique", "msg" : [ "'Parser' object has no attribute 'css_select'" ], "scope" : "article extraction" }
{ "_id" : { "$oid" : "53f28163dabe6e1be9b309fd" }, "status" : false, "code" : -2, "url" : "http://agora.qc.ca/dossiers/Fievre_hemorragique_Ebola", "msg" : [ "'Parser' object has no attribute 'css_select'" ], "scope" : "article extraction" }
{ "_id" : { "$oid" : "53f28164dabe6e1be9b309fe" }, "status" : false, "code" : -2, "url" : "http://www.libertebonhomme.fr/2014/08/18/fausse-alerte-au-virus-ebola-au-chu-de-caen/", "msg" : [ "'Parser' object has no attribute 'css_select'" ], "scope" : "article extraction" }
{ "_id" : { "$oid" : "53f28164dabe6e1be9b309ff" }, "status" : false, "code" : -2, "url" : "http://www.europe1.fr/International/Ebola-au-Liberia-un-centre-d-isolement-attaque-2204955/", "msg" : [ "'Parser' object has no attribute 'css_select'" ], "scope" : "article extraction" }
{ "_id" : { "$oid" : "53f28164dabe6e1be9b30a00" }, "status" : false, "code" : -2, "url" : "http://www.ebolaplay.com/", "msg" : [ "'Parser' object has no attribute 'css_select'" ], "scope" : "article extraction" }
{ "_id" : { "$oid" : "53f28165dabe6e1be9b30a01" }, "status" : false, "code" : -2, "url" : "http://ebola.emedtv.com/ebola-virus/ebola-virus.html", "msg" : [ "'Parser' object has no attribute 'css_select'" ], "scope" : "article extraction" }
{ "_id" : { "$oid" : "53f28165dabe6e1be9b30a02" }, "status" : false, "code" : -2, "url" : "http://www.rfi.fr/afrique/20140807-face-ebola-le-liberia-degaine-etat-urgence-priere/", "msg" : [ "'Parser' object has no attribute 'css_select'" ], "scope" : "article extraction" }
{ "_id" : { "$oid" : "53f28166dabe6e1be9b30a03" }, "status" : false, "code" : -2, "url" : "http://fr.allafrica.com/stories/201408182028.html", "msg" : [ "'Parser' object has no attribute 'css_select'" ], "scope" : "article extraction" }
{ "_id" : { "$oid" : "53f28166dabe6e1be9b30a04" }, "status" : false, "code" : -2, "url" : "http://fr.wikipedia.org/wiki/Ebolavirus", "msg" : [ "'Parser' object has no attribute 'css_select'" ], "scope" : "article extraction" }
{ "_id" : { "$oid" : "53f28167dabe6e1be9b30a05" }, "status" : false, "code" : -2, "url" : "http://tempsreel.nouvelobs.com/tag/ebola", "msg" : [ "'Parser' object has no attribute 'css_select'" ], "scope" : "article extraction" }
{ "_id" : { "$oid" : "53f28168dabe6e1be9b30a06" }, "status" : false, "code" : -2, "url" : "http://www.cdc.gov/vhf/ebola/outbreaks/guinea/index.html", "msg" : [ "'Parser' object has no attribute 'css_select'" ], "scope" : "article extraction" }
{ "_id" : { "$oid" : "53f28168dabe6e1be9b30a07" }, "status" : false, "code" : -2, "url" : "http://www.who.int/mediacentre/factsheets/fs103/fr/", "msg" : [ "'Parser' object has no attribute 'css_select'" ], "scope" : "article extraction" }
{ "_id" : { "$oid" : "53f28168dabe6e1be9b30a08" }, "status" : false, "code" : -2, "url" : "http://www.who.int/csr/disease/ebola/fr/", "msg" : [ "'Parser' object has no attribute 'css_select'" ], "scope" : "article extraction" }
{ "_id" : { "$oid" : "53f28169dabe6e1be9b30a09" }, "status" : false, "code" : -2, "url" : "http://www.webmd.com/a-to-z-guides/ebola-fever-virus-infection", "msg" : [ "'Parser' object has no attribute 'css_select'" ], "scope" : "article extraction" }
{ "_id" : { "$oid" : "53f2816adabe6e1be9b30a0a" }, "status" : false, "code" : -2, "url" : "http://www.deezer.com/artist/115179", "msg" : [ "'Parser' object has no attribute 'css_select'" ], "scope" : "article extraction" }
{ "_id" : { "$oid" : "53f2816adabe6e1be9b30a0b" }, "status" : false, "code" : -2, "url" : "http://www.nlm.nih.gov/medlineplus/ency/article/001339.htm", "msg" : [ "'Parser' object has no attribute 'css_select'" ], "scope" : "article extraction" }
{ "_id" : { "$oid" : "53f2816adabe6e1be9b30a0c" }, "status" : false, "code" : -2, "url" : "http://www.doctissimo.fr/html/sante/mag_2000/mag1027/sa_2825_ebola.htm", "msg" : [ "'Parser' object has no attribute 'css_select'" ], "scope" : "article extraction" }
{ "_id" : { "$oid" : "53f281a6dabe6e1bf46a0585" }, "status" : false, "code" : -2, "url" : "http://abcnews.go.com/topics/lifestyle/health/ebola-virus.htm", "msg" : [ "'Parser' object has no attribute 'css_select'" ], "scope" : "article extraction" }
{ "_id" : { "$oid" : "53f281a8dabe6e1bf46a0586" }, "status" : false, "code" : -2, "url" : "http://time.com/tag/ebola/", "msg" : [ "'Parser' object has no attribute 'css_select'" ], "scope" : "article extraction" }
{ "_id" : { "$oid" : "53f281a9dabe6e1bf46a0587" }, "status" : false, "code" : -2, "url" : "http://en.wikipedia.org/wiki/Ebola_virus_disease", "msg" : [ "'Parser' object has no attribute 'css_select'" ], "scope" : "article extraction" }
{ "_id" : { "$oid" : "53f281a9dabe6e1bf46a0588" }, "status" : false, "code" : -2, "url" : "http://www.francetvinfo.fr/sante/maladie/ebola/", "msg" : [ "'Parser' object has no attribute 'css_select'" ], "scope" : "article extraction" }
{ "_id" : { "$oid" : "53f281aadabe6e1bf46a0589" }, "status" : false, "code" : -2, "url" : "http://healthmap.org/ebola/", "msg" : [ "'Parser' object has no attribute 'css_select'" ], "scope" : "article extraction" }
{ "_id" : { "$oid" : "53f281abdabe6e1bf46a058a" }, "status" : false, "code" : -2, "url" : "http://www.telegraph.co.uk/news/worldnews/ebola/", "msg" : [ "'Parser' object has no attribute 'css_select'" ], "scope" : "article extraction" }
{ "_id" : { "$oid" : "53f281acdabe6e1bf46a058b" }, "status" : false, "code" : -2, "url" : "http://fr.wikipedia.org/wiki/Ebolavirus", "msg" : [ "'Parser' object has no attribute 'css_select'" ], "scope" : "article extraction" }
{ "_id" : { "$oid" : "53f281b4dabe6e1bfe78f6be" }, "status" : false, "code" : -2, "url" : "http://www.cdc.gov/vhf/ebola/", "msg" : [ "'Parser' object has no attribute 'css_select'" ], "scope" : "article extraction" }
{ "_id" : { "$oid" : "53f281b5dabe6e1bfe78f6bf" }, "status" : false, "code" : -2, "url" : "http://www.who.int/csr/disease/ebola/fr/", "msg" : [ "'Parser' object has no attribute 'css_select'" ], "scope" : "article extraction" }
{ "_id" : { "$oid" : "53f281b7dabe6e1bfe78f6c0" }, "status" : false, "code" : -2, "url" : "http://www.bloomberg.com/quicktake/ebola/", "msg" : [ "'Parser' object has no attribute 'css_select'" ], "scope" : "article extraction" }
{ "_id" : { "$oid" : "53f281bcdabe6e1bfe78f6c1" }, "status" : false, "code" : -2, "url" : "http://www.cnn.com/2014/08/16/health/ebola-outbreak/index.html", "msg" : [ "'Parser' object has no attribute 'css_select'" ], "scope" : "article extraction" }
{ "_id" : { "$oid" : "53f281bddabe6e1bfe78f6c2" }, "status" : false, "code" : -2, "url" : "http://www.webmd.com/a-to-z-guides/ebola-fever-virus-infection", "msg" : [ "'Parser' object has no attribute 'css_select'" ], "scope" : "article extraction" }
{ "_id" : { "$oid" : "53f281bddabe6e1bfe78f6c3" }, "status" : false, "code" : -2, "url" : "http://www.caducee.net/DossierSpecialises/infection/ebola.asp", "msg" : [ "'Parser' object has no attribute 'css_select'" ], "scope" : "article extraction" }
{ "_id" : { "$oid" : "53f281bedabe6e1bfe78f6c4" }, "status" : false, "code" : -2, "url" : "http://www.nlm.nih.gov/medlineplus/ency/article/001339.htm", "msg" : [ "'Parser' object has no attribute 'css_select'" ], "scope" : "article extraction" }
{ "_id" : { "$oid" : "53f281bedabe6e1bfe78f6c5" }, "status" : false, "code" : -2, "url" : "http://www.giantmicrobes.com/fr/products/ebola.html", "msg" : [ "'Parser' object has no attribute 'css_select'" ], "scope" : "article extraction" }
{ "_id" : { "$oid" : "53f281cfdabe6e1c06dd3bb2" }, "status" : false, "code" : -2, "url" : "http://www.futura-sciences.com/photos/d/virus-bacteries-plus-mortels-709/ebola-virus-mortalite-plus-elevee-5154/", "msg" : [ "'NoneType' object has no attribute 'cssselect'" ], "scope" : "article extraction" }
{ "_id" : { "$oid" : "53f281f8dabe6e1c0e8821f8" }, "status" : false, "code" : -2, "url" : "http://www.france24.com/fr/tag/virus-ebola/", "msg" : [ "'NoneType' object has no attribute 'cssselect'" ], "scope" : "article extraction" }
{ "_id" : { "$oid" : "53f28252dabe6e1c1a6b6470" }, "status" : false, "code" : -2, "url" : "http://www.sante.gouv.fr/ebola.html", "msg" : [ "'NoneType' object has no attribute 'cssselect'" ], "scope" : "article extraction" }
{ "_id" : { "$oid" : "53f28252dabe6e1c1a6b6471" }, "status" : false, "code" : -2, "url" : "http://www.maxisciences.com/ebola/", "msg" : [ "'NoneType' object has no attribute 'cssselect'" ], "scope" : "article extraction" }
{ "_id" : { "$oid" : "53f28254dabe6e1c1a6b6473" }, "status" : false, "code" : -2, "url" : "http://tempsreel.nouvelobs.com/tag/ebola", "msg" : [ "'NoneType' object has no attribute 'cssselect'" ], "scope" : "article extraction" }
{ "_id" : { "$oid" : "53f28299dabe6e1c3d5b2d8c" }, "status" : false, "code" : 400, "url" : "http://www.liberatin.fr", "step" : "request", "msg" : "Request answer was not understood HTTPConnectionPool(host='www.liberatin.fr', port=80): Max retries exceeded with url: / (Caused by <class 'socket.gaierror'>: [Errno -2] Name or service not known)" }
{ "_id" : { "$oid" : "53f2829fdabe6e1c3d5b2d92" }, "status" : false, "code" : -2, "url" : "http://www.francetvinfo.fr/sante/maladie/ebola/", "msg" : [ "'NoneType' object has no attribute 'cssselect'" ], "scope" : "article extraction" }
{ "_id" : { "$oid" : "53f282a3dabe6e1c3d5b2d97" }, "status" : false, "code" : -2, "url" : "http://fr.wikipedia.org/wiki/Ebola", "msg" : [ "'NoneType' object has no attribute 'cssselect'" ], "scope" : "article extraction" }
{ "_id" : { "$oid" : "53f282aadabe6e1c3d5b2d9b" }, "status" : false, "code" : -2, "url" : "http://www.lavoixdunord.fr/tags/virus-ebola", "msg" : [ "'NoneType' object has no attribute 'cssselect'" ], "scope" : "article extraction" }
{ "_id" : { "$oid" : "53f282b0dabe6e1c3d5b2da1" }, "status" : false, "code" : -2, "url" : "http://tempsreel.nouvelobs.com/sante/20140818.OBS6568/ebola-quand-medecins-et-infirmieres-se-sacrifient.html", "msg" : [ "'NoneType' object has no attribute 'cssselect'" ], "scope" : "article extraction" }
