{ "_id" : { "$oid" : "53f144d3dabe6e211649430c" }, "url" : "http://www.lemonde.fr", "origin" : "default", "date" : [ { "$date" : 1408327923643 } ] }
{ "_id" : { "$oid" : "53f14513dabe6e21266da655" }, "url" : "http://www.lemonde.fr", "origin" : "manual", "date" : [ { "$date" : 1408327987926 } ] }
{ "_id" : { "$oid" : "53f145b9dabe6e21490a5098" }, "url" : "http://www.lemonde.fr", "origin" : "manual", "date" : [ { "$date" : 1408328153600 } ] }
{ "_id" : { "$oid" : "53f14626dabe6e21748b5b7f" }, "url" : "http://www.lemonde.fr", "origin" : "seeds.txt", "date" : [ { "$date" : 1408328262106 } ] }
{ "_id" : { "$oid" : "53f14626dabe6e21748b5b80" }, "url" : "http://www.liberatin.fr", "origin" : "seeds.txt", "date" : [ { "$date" : 1408328262107 } ] }
{ "_id" : { "$oid" : "53f14665dabe6e21b284029e" }, "url" : "http://www.lemonde.fr", "origin" : "seeds.txt", "date" : [ { "$date" : 1408328325554 } ] }
{ "_id" : { "$oid" : "53f14665dabe6e21b284029f" }, "url" : "http://www.liberatin.fr", "origin" : "seeds.txt", "date" : [ { "$date" : 1408328325557 } ] }
{ "_id" : { "$oid" : "53f205cfdabe6e14495c5fbc" }, "url" : "http://fr.wikipedia.org/wiki/Ebolavirus", "origin" : "bing", "date" : [ { "$date" : 1408377327703 } ] }
{ "_id" : { "$oid" : "53f205cfdabe6e14495c5fbd" }, "url" : "http://www.cdc.gov/vhf/ebola/", "origin" : "bing", "date" : [ { "$date" : 1408377327705 } ] }
{ "_id" : { "$oid" : "53f205cfdabe6e14495c5fbe" }, "url" : "http://tempsreel.nouvelobs.com/tag/ebola", "origin" : "bing", "date" : [ { "$date" : 1408377327708 } ] }
{ "_id" : { "$oid" : "53f205cfdabe6e14495c5fbf" }, "url" : "http://www.cdc.gov/vhf/ebola/outbreaks/guinea/index.html", "origin" : "bing", "date" : [ { "$date" : 1408377327710 } ] }
{ "_id" : { "$oid" : "53f205cfdabe6e14495c5fc0" }, "url" : "http://www.who.int/mediacentre/factsheets/fs103/fr/", "origin" : "bing", "date" : [ { "$date" : 1408377327712 } ] }
{ "_id" : { "$oid" : "53f205cfdabe6e14495c5fc1" }, "url" : "http://www.who.int/csr/disease/ebola/fr/", "origin" : "bing", "date" : [ { "$date" : 1408377327714 } ] }
{ "_id" : { "$oid" : "53f205cfdabe6e14495c5fc2" }, "url" : "http://fr.wikipedia.org/wiki/Ebola", "origin" : "bing", "date" : [ { "$date" : 1408377327716 } ] }
{ "_id" : { "$oid" : "53f205cfdabe6e14495c5fc3" }, "url" : "http://www.bloomberg.com/quicktake/ebola/", "origin" : "bing", "date" : [ { "$date" : 1408377327719 } ] }
{ "_id" : { "$oid" : "53f205cfdabe6e14495c5fc4" }, "url" : "http://www.medicinenet.com/ebola_hemorrhagic_fever_ebola_hf/article.htm", "origin" : "bing", "date" : [ { "$date" : 1408377327721 } ] }
{ "_id" : { "$oid" : "53f205cfdabe6e14495c5fc5" }, "url" : "http://www.cnn.com/2014/08/16/health/ebola-outbreak/index.html", "origin" : "bing", "date" : [ { "$date" : 1408377327723 } ] }
{ "_id" : { "$oid" : "53f205cfdabe6e14495c5fc6" }, "url" : "http://www.webmd.com/a-to-z-guides/ebola-fever-virus-infection", "origin" : "bing", "date" : [ { "$date" : 1408377327725 } ] }
{ "_id" : { "$oid" : "53f205cfdabe6e14495c5fc7" }, "url" : "http://www.caducee.net/DossierSpecialises/infection/ebola.asp", "origin" : "bing", "date" : [ { "$date" : 1408377327727 } ] }
{ "_id" : { "$oid" : "53f205cfdabe6e14495c5fc8" }, "url" : "http://www.deezer.com/artist/115179", "origin" : "bing", "date" : [ { "$date" : 1408377327728 } ] }
{ "_id" : { "$oid" : "53f205cfdabe6e14495c5fc9" }, "url" : "http://www.nlm.nih.gov/medlineplus/ency/article/001339.htm", "origin" : "bing", "date" : [ { "$date" : 1408377327730 } ] }
{ "_id" : { "$oid" : "53f205cfdabe6e14495c5fca" }, "url" : "http://www.doctissimo.fr/html/sante/mag_2000/mag1027/sa_2825_ebola.htm", "origin" : "bing", "date" : [ { "$date" : 1408377327731 } ] }
{ "_id" : { "$oid" : "53f205cfdabe6e14495c5fcb" }, "url" : "http://abcnews.go.com/topics/lifestyle/health/ebola-virus.htm", "origin" : "bing", "date" : [ { "$date" : 1408377327733 } ] }
{ "_id" : { "$oid" : "53f205cfdabe6e14495c5fcc" }, "url" : "http://www.giantmicrobes.com/fr/products/ebola.html", "origin" : "bing", "date" : [ { "$date" : 1408377327735 } ] }
{ "_id" : { "$oid" : "53f205cfdabe6e14495c5fcd" }, "url" : "http://www.futura-sciences.com/photos/d/virus-bacteries-plus-mortels-709/ebola-virus-mortalite-plus-elevee-5154/", "origin" : "bing", "date" : [ { "$date" : 1408377327736 } ] }
{ "_id" : { "$oid" : "53f205cfdabe6e14495c5fce" }, "url" : "http://www.rfi.fr/afrique/20140817-ebola-centre-isolement-attaque-liberia-patients-fuite/", "origin" : "bing", "date" : [ { "$date" : 1408377327738 } ] }
{ "_id" : { "$oid" : "53f205cfdabe6e14495c5fcf" }, "url" : "http://time.com/tag/ebola/", "origin" : "bing", "date" : [ { "$date" : 1408377327739 } ] }
{ "_id" : { "$oid" : "53f205cfdabe6e14495c5fd0" }, "url" : "http://en.wikipedia.org/wiki/Ebola_virus_disease", "origin" : "bing", "date" : [ { "$date" : 1408377327741 } ] }
{ "_id" : { "$oid" : "53f205cfdabe6e14495c5fd1" }, "url" : "http://www.slate.fr/story/90979/ebola-traitement-faq", "origin" : "bing", "date" : [ { "$date" : 1408377327742 } ] }
{ "_id" : { "$oid" : "53f205cfdabe6e14495c5fd2" }, "url" : "http://www.francetvinfo.fr/sante/maladie/ebola/", "origin" : "bing", "date" : [ { "$date" : 1408377327746 } ] }
{ "_id" : { "$oid" : "53f205cfdabe6e14495c5fd3" }, "url" : "http://abcnews.go.com/Health/ebola/", "origin" : "bing", "date" : [ { "$date" : 1408377327747 } ] }
{ "_id" : { "$oid" : "53f205cfdabe6e14495c5fd4" }, "url" : "http://www.ndtv.com/topic/ebola", "origin" : "bing", "date" : [ { "$date" : 1408377327749 } ] }
{ "_id" : { "$oid" : "53f205cfdabe6e14495c5fd5" }, "url" : "http://healthmap.org/ebola/", "origin" : "bing", "date" : [ { "$date" : 1408377327751 } ] }
{ "_id" : { "$oid" : "53f205cfdabe6e14495c5fd6" }, "url" : "http://www.telegraph.co.uk/news/worldnews/ebola/", "origin" : "bing", "date" : [ { "$date" : 1408377327753 } ] }
{ "_id" : { "$oid" : "53f205cfdabe6e14495c5fd7" }, "url" : "http://www.rfi.fr/emission/20140701-1-ebola/", "origin" : "bing", "date" : [ { "$date" : 1408377327754 } ] }
{ "_id" : { "$oid" : "53f205cfdabe6e14495c5fd8" }, "url" : "http://www.doctorswithoutborders.org/our-work/medical-issues/ebola", "origin" : "bing", "date" : [ { "$date" : 1408377327756 } ] }
{ "_id" : { "$oid" : "53f205cfdabe6e14495c5fd9" }, "url" : "http://www.nytimes.com/health/guides/disease/ebola-hemorrhagic-fever/overview.html", "origin" : "bing", "date" : [ { "$date" : 1408377327758 } ] }
{ "_id" : { "$oid" : "53f205cfdabe6e14495c5fda" }, "url" : "http://www.france24.com/fr/tag/virus-ebola/", "origin" : "bing", "date" : [ { "$date" : 1408377327760 } ] }
{ "_id" : { "$oid" : "53f205cfdabe6e14495c5fdb" }, "url" : "http://www.slate.fr/story/91033/ebola-mandarin-ethique", "origin" : "bing", "date" : [ { "$date" : 1408377327761 } ] }
{ "_id" : { "$oid" : "53f205cfdabe6e14495c5fdc" }, "url" : "http://www.ladepeche.fr/article/2014/08/18/1935738-ebola-29-malades-s-enfuient.html", "origin" : "bing", "date" : [ { "$date" : 1408377327763 } ] }
{ "_id" : { "$oid" : "53f205cfdabe6e14495c5fdd" }, "url" : "http://www.lefigaro.fr/flash-actu/2014/08/17/97001-20140817FILWWW00018-ebola-1er-cas-suspect-en-espagne.php", "origin" : "bing", "date" : [ { "$date" : 1408377327764 } ] }
{ "_id" : { "$oid" : "53f205cfdabe6e14495c5fde" }, "url" : "http://www.lefigaro.fr/international/2014/08/09/01003-20140809ARTFIG00136-ebola-la-zambie-et-la-guinee-ferment-leurs-frontieres.php", "origin" : "bing", "date" : [ { "$date" : 1408377327764 } ] }
{ "_id" : { "$oid" : "53f205cfdabe6e14495c5fdf" }, "url" : "http://tempsreel.nouvelobs.com/sante/20140818.OBS6568/ebola-quand-medecins-et-infirmieres-se-sacrifient.html", "origin" : "bing", "date" : [ { "$date" : 1408377327765 } ] }
{ "_id" : { "$oid" : "53f205cfdabe6e14495c5fe0" }, "url" : "http://ebola.emedtv.com/ebola/ebola-symptoms.html", "origin" : "bing", "date" : [ { "$date" : 1408377327765 } ] }
{ "_id" : { "$oid" : "53f205cfdabe6e14495c5fe1" }, "url" : "http://www.futura-sciences.com/magazines/sante/infos/dico/d/medecine-fievre-hemorragique-virus-ebola-4217/", "origin" : "bing", "date" : [ { "$date" : 1408377327766 } ] }
{ "_id" : { "$oid" : "53f205cfdabe6e14495c5fe2" }, "url" : "http://agora.qc.ca/dossiers/Fievre_hemorragique_Ebola", "origin" : "bing", "date" : [ { "$date" : 1408377327766 } ] }
{ "_id" : { "$oid" : "53f205cfdabe6e14495c5fe3" }, "url" : "http://www.lesechos.fr/monde/europe/0203706691534-ebola-un-cas-suspect-en-espagne-1033554.php", "origin" : "bing", "date" : [ { "$date" : 1408377327767 } ] }
{ "_id" : { "$oid" : "53f205cfdabe6e14495c5fe4" }, "url" : "http://news.msn.com/world/liberia-ebola-fears-rise-as-clinic-is-looted", "origin" : "bing", "date" : [ { "$date" : 1408377327767 } ] }
{ "_id" : { "$oid" : "53f205cfdabe6e14495c5fe5" }, "url" : "http://www.niaid.nih.gov/topics/ebolaMarburg/Pages/default.aspx", "origin" : "bing", "date" : [ { "$date" : 1408377327767 } ] }
{ "_id" : { "$oid" : "53f205cfdabe6e14495c5fe6" }, "url" : "http://www.msf.org.uk/ebola", "origin" : "bing", "date" : [ { "$date" : 1408377327769 } ] }
{ "_id" : { "$oid" : "53f205cfdabe6e14495c5fe7" }, "url" : "http://www.nlm.nih.gov/medlineplus/spanish/ency/article/001339.htm", "origin" : "bing", "date" : [ { "$date" : 1408377327770 } ] }
{ "_id" : { "$oid" : "53f205cfdabe6e14495c5fe8" }, "url" : "http://www.libertebonhomme.fr/2014/08/18/fausse-alerte-au-virus-ebola-au-chu-de-caen/", "origin" : "bing", "date" : [ { "$date" : 1408377327772 } ] }
{ "_id" : { "$oid" : "53f205cfdabe6e14495c5fe9" }, "url" : "http://www.europe1.fr/International/Ebola-au-Liberia-un-centre-d-isolement-attaque-2204955/", "origin" : "bing", "date" : [ { "$date" : 1408377327774 } ] }
{ "_id" : { "$oid" : "53f205cfdabe6e14495c5fea" }, "url" : "http://www.infoplease.com/cig/dangerous-diseases-epidemics/ebola-africa-bloody-disease.html", "origin" : "bing", "date" : [ { "$date" : 1408377327775 } ] }
{ "_id" : { "$oid" : "53f205cfdabe6e14495c5feb" }, "url" : "http://www.ebolaplay.com/", "origin" : "bing", "date" : [ { "$date" : 1408377327778 } ] }
{ "_id" : { "$oid" : "53f205cfdabe6e14495c5fec" }, "url" : "http://www.lemonde.fr/planete/article/2014/08/06/ebola-quel-scenario-si-une-personne-infectee-arrive-en-france_4467364_3244.html", "origin" : "bing", "date" : [ { "$date" : 1408377327779 } ] }
{ "_id" : { "$oid" : "53f205cfdabe6e14495c5fed" }, "url" : "http://ebola.emedtv.com/ebola-virus/ebola-virus.html", "origin" : "bing", "date" : [ { "$date" : 1408377327780 } ] }
{ "_id" : { "$oid" : "53f20600dabe6e14536e41d9" }, "url" : "http://fr.wikipedia.org/wiki/Ebolavirus", "origin" : "bing", "date" : [ { "$date" : 1408377376233 } ] }
{ "_id" : { "$oid" : "53f20600dabe6e14536e41da" }, "url" : "http://www.cdc.gov/vhf/ebola/", "origin" : "bing", "date" : [ { "$date" : 1408377376234 } ] }
{ "_id" : { "$oid" : "53f20600dabe6e14536e41db" }, "url" : "http://tempsreel.nouvelobs.com/tag/ebola", "origin" : "bing", "date" : [ { "$date" : 1408377376236 } ] }
{ "_id" : { "$oid" : "53f20600dabe6e14536e41dc" }, "url" : "http://www.cdc.gov/vhf/ebola/outbreaks/guinea/index.html", "origin" : "bing", "date" : [ { "$date" : 1408377376238 } ] }
{ "_id" : { "$oid" : "53f20600dabe6e14536e41dd" }, "url" : "http://www.who.int/mediacentre/factsheets/fs103/fr/", "origin" : "bing", "date" : [ { "$date" : 1408377376239 } ] }
{ "_id" : { "$oid" : "53f20600dabe6e14536e41de" }, "url" : "http://www.who.int/csr/disease/ebola/fr/", "origin" : "bing", "date" : [ { "$date" : 1408377376241 } ] }
{ "_id" : { "$oid" : "53f20600dabe6e14536e41df" }, "url" : "http://fr.wikipedia.org/wiki/Ebola", "origin" : "bing", "date" : [ { "$date" : 1408377376243 } ] }
{ "_id" : { "$oid" : "53f20600dabe6e14536e41e0" }, "url" : "http://www.bloomberg.com/quicktake/ebola/", "origin" : "bing", "date" : [ { "$date" : 1408377376245 } ] }
{ "_id" : { "$oid" : "53f20600dabe6e14536e41e1" }, "url" : "http://www.medicinenet.com/ebola_hemorrhagic_fever_ebola_hf/article.htm", "origin" : "bing", "date" : [ { "$date" : 1408377376247 } ] }
{ "_id" : { "$oid" : "53f20600dabe6e14536e41e2" }, "url" : "http://www.cnn.com/2014/08/16/health/ebola-outbreak/index.html", "origin" : "bing", "date" : [ { "$date" : 1408377376248 } ] }
{ "_id" : { "$oid" : "53f20600dabe6e14536e41e3" }, "url" : "http://www.webmd.com/a-to-z-guides/ebola-fever-virus-infection", "origin" : "bing", "date" : [ { "$date" : 1408377376250 } ] }
{ "_id" : { "$oid" : "53f20600dabe6e14536e41e4" }, "url" : "http://www.caducee.net/DossierSpecialises/infection/ebola.asp", "origin" : "bing", "date" : [ { "$date" : 1408377376252 } ] }
{ "_id" : { "$oid" : "53f20600dabe6e14536e41e5" }, "url" : "http://www.deezer.com/artist/115179", "origin" : "bing", "date" : [ { "$date" : 1408377376254 } ] }
{ "_id" : { "$oid" : "53f20600dabe6e14536e41e6" }, "url" : "http://www.nlm.nih.gov/medlineplus/ency/article/001339.htm", "origin" : "bing", "date" : [ { "$date" : 1408377376256 } ] }
{ "_id" : { "$oid" : "53f20600dabe6e14536e41e7" }, "url" : "http://www.doctissimo.fr/html/sante/mag_2000/mag1027/sa_2825_ebola.htm", "origin" : "bing", "date" : [ { "$date" : 1408377376257 } ] }
{ "_id" : { "$oid" : "53f20600dabe6e14536e41e8" }, "url" : "http://abcnews.go.com/topics/lifestyle/health/ebola-virus.htm", "origin" : "bing", "date" : [ { "$date" : 1408377376259 } ] }
{ "_id" : { "$oid" : "53f20600dabe6e14536e41e9" }, "url" : "http://www.giantmicrobes.com/fr/products/ebola.html", "origin" : "bing", "date" : [ { "$date" : 1408377376261 } ] }
{ "_id" : { "$oid" : "53f20600dabe6e14536e41ea" }, "url" : "http://www.futura-sciences.com/photos/d/virus-bacteries-plus-mortels-709/ebola-virus-mortalite-plus-elevee-5154/", "origin" : "bing", "date" : [ { "$date" : 1408377376262 } ] }
{ "_id" : { "$oid" : "53f20600dabe6e14536e41eb" }, "url" : "http://www.rfi.fr/afrique/20140817-ebola-centre-isolement-attaque-liberia-patients-fuite/", "origin" : "bing", "date" : [ { "$date" : 1408377376264 } ] }
{ "_id" : { "$oid" : "53f20600dabe6e14536e41ec" }, "url" : "http://time.com/tag/ebola/", "origin" : "bing", "date" : [ { "$date" : 1408377376265 } ] }
{ "_id" : { "$oid" : "53f20600dabe6e14536e41ed" }, "url" : "http://en.wikipedia.org/wiki/Ebola_virus_disease", "origin" : "bing", "date" : [ { "$date" : 1408377376267 } ] }
{ "_id" : { "$oid" : "53f20600dabe6e14536e41ee" }, "url" : "http://www.slate.fr/story/90979/ebola-traitement-faq", "origin" : "bing", "date" : [ { "$date" : 1408377376269 } ] }
{ "_id" : { "$oid" : "53f20600dabe6e14536e41ef" }, "url" : "http://www.francetvinfo.fr/sante/maladie/ebola/", "origin" : "bing", "date" : [ { "$date" : 1408377376271 } ] }
{ "_id" : { "$oid" : "53f20600dabe6e14536e41f0" }, "url" : "http://abcnews.go.com/Health/ebola/", "origin" : "bing", "date" : [ { "$date" : 1408377376273 } ] }
{ "_id" : { "$oid" : "53f20600dabe6e14536e41f1" }, "url" : "http://www.ndtv.com/topic/ebola", "origin" : "bing", "date" : [ { "$date" : 1408377376274 } ] }
{ "_id" : { "$oid" : "53f20600dabe6e14536e41f2" }, "url" : "http://healthmap.org/ebola/", "origin" : "bing", "date" : [ { "$date" : 1408377376276 } ] }
{ "_id" : { "$oid" : "53f20600dabe6e14536e41f3" }, "url" : "http://www.telegraph.co.uk/news/worldnews/ebola/", "origin" : "bing", "date" : [ { "$date" : 1408377376279 } ] }
{ "_id" : { "$oid" : "53f20600dabe6e14536e41f4" }, "url" : "http://www.rfi.fr/emission/20140701-1-ebola/", "origin" : "bing", "date" : [ { "$date" : 1408377376281 } ] }
{ "_id" : { "$oid" : "53f20600dabe6e14536e41f5" }, "url" : "http://www.doctorswithoutborders.org/our-work/medical-issues/ebola", "origin" : "bing", "date" : [ { "$date" : 1408377376282 } ] }
{ "_id" : { "$oid" : "53f20600dabe6e14536e41f6" }, "url" : "http://www.nytimes.com/health/guides/disease/ebola-hemorrhagic-fever/overview.html", "origin" : "bing", "date" : [ { "$date" : 1408377376284 } ] }
{ "_id" : { "$oid" : "53f20600dabe6e14536e41f7" }, "url" : "http://www.france24.com/fr/tag/virus-ebola/", "origin" : "bing", "date" : [ { "$date" : 1408377376286 } ] }
{ "_id" : { "$oid" : "53f20600dabe6e14536e41f8" }, "url" : "http://www.slate.fr/story/91033/ebola-mandarin-ethique", "origin" : "bing", "date" : [ { "$date" : 1408377376288 } ] }
{ "_id" : { "$oid" : "53f20600dabe6e14536e41f9" }, "url" : "http://www.ladepeche.fr/article/2014/08/18/1935738-ebola-29-malades-s-enfuient.html", "origin" : "bing", "date" : [ { "$date" : 1408377376290 } ] }
{ "_id" : { "$oid" : "53f20600dabe6e14536e41fa" }, "url" : "http://www.lefigaro.fr/flash-actu/2014/08/17/97001-20140817FILWWW00018-ebola-1er-cas-suspect-en-espagne.php", "origin" : "bing", "date" : [ { "$date" : 1408377376291 } ] }
{ "_id" : { "$oid" : "53f20600dabe6e14536e41fb" }, "url" : "http://www.lefigaro.fr/international/2014/08/09/01003-20140809ARTFIG00136-ebola-la-zambie-et-la-guinee-ferment-leurs-frontieres.php", "origin" : "bing", "date" : [ { "$date" : 1408377376293 } ] }
{ "_id" : { "$oid" : "53f20600dabe6e14536e41fc" }, "url" : "http://tempsreel.nouvelobs.com/sante/20140818.OBS6568/ebola-quand-medecins-et-infirmieres-se-sacrifient.html", "origin" : "bing", "date" : [ { "$date" : 1408377376295 } ] }
{ "_id" : { "$oid" : "53f20600dabe6e14536e41fd" }, "url" : "http://ebola.emedtv.com/ebola/ebola-symptoms.html", "origin" : "bing", "date" : [ { "$date" : 1408377376297 } ] }
{ "_id" : { "$oid" : "53f20600dabe6e14536e41fe" }, "url" : "http://www.futura-sciences.com/magazines/sante/infos/dico/d/medecine-fievre-hemorragique-virus-ebola-4217/", "origin" : "bing", "date" : [ { "$date" : 1408377376299 } ] }
{ "_id" : { "$oid" : "53f20600dabe6e14536e41ff" }, "url" : "http://agora.qc.ca/dossiers/Fievre_hemorragique_Ebola", "origin" : "bing", "date" : [ { "$date" : 1408377376300 } ] }
{ "_id" : { "$oid" : "53f20600dabe6e14536e4200" }, "url" : "http://www.lesechos.fr/monde/europe/0203706691534-ebola-un-cas-suspect-en-espagne-1033554.php", "origin" : "bing", "date" : [ { "$date" : 1408377376302 } ] }
{ "_id" : { "$oid" : "53f20600dabe6e14536e4201" }, "url" : "http://news.msn.com/world/liberia-ebola-fears-rise-as-clinic-is-looted", "origin" : "bing", "date" : [ { "$date" : 1408377376304 } ] }
{ "_id" : { "$oid" : "53f20600dabe6e14536e4202" }, "url" : "http://www.niaid.nih.gov/topics/ebolaMarburg/Pages/default.aspx", "origin" : "bing", "date" : [ { "$date" : 1408377376306 } ] }
{ "_id" : { "$oid" : "53f20600dabe6e14536e4203" }, "url" : "http://www.msf.org.uk/ebola", "origin" : "bing", "date" : [ { "$date" : 1408377376308 } ] }
{ "_id" : { "$oid" : "53f20600dabe6e14536e4204" }, "url" : "http://www.nlm.nih.gov/medlineplus/spanish/ency/article/001339.htm", "origin" : "bing", "date" : [ { "$date" : 1408377376309 } ] }
{ "_id" : { "$oid" : "53f20600dabe6e14536e4205" }, "url" : "http://www.libertebonhomme.fr/2014/08/18/fausse-alerte-au-virus-ebola-au-chu-de-caen/", "origin" : "bing", "date" : [ { "$date" : 1408377376311 } ] }
{ "_id" : { "$oid" : "53f20600dabe6e14536e4206" }, "url" : "http://www.europe1.fr/International/Ebola-au-Liberia-un-centre-d-isolement-attaque-2204955/", "origin" : "bing", "date" : [ { "$date" : 1408377376313 } ] }
{ "_id" : { "$oid" : "53f20600dabe6e14536e4207" }, "url" : "http://www.infoplease.com/cig/dangerous-diseases-epidemics/ebola-africa-bloody-disease.html", "origin" : "bing", "date" : [ { "$date" : 1408377376315 } ] }
{ "_id" : { "$oid" : "53f20600dabe6e14536e4208" }, "url" : "http://www.ebolaplay.com/", "origin" : "bing", "date" : [ { "$date" : 1408377376317 } ] }
{ "_id" : { "$oid" : "53f20600dabe6e14536e4209" }, "url" : "http://www.lemonde.fr/planete/article/2014/08/06/ebola-quel-scenario-si-une-personne-infectee-arrive-en-france_4467364_3244.html", "origin" : "bing", "date" : [ { "$date" : 1408377376319 } ] }
{ "_id" : { "$oid" : "53f20600dabe6e14536e420a" }, "url" : "http://ebola.emedtv.com/ebola-virus/ebola-virus.html", "origin" : "bing", "date" : [ { "$date" : 1408377376320 } ] }
{ "_id" : { "$oid" : "53f20621dabe6e14649873d6" }, "url" : "http://fr.wikipedia.org/wiki/Ebolavirus", "origin" : "bing", "date" : [ { "$date" : 1408377409056 } ] }
{ "_id" : { "$oid" : "53f20621dabe6e14649873d7" }, "url" : "http://www.cdc.gov/vhf/ebola/", "origin" : "bing", "date" : [ { "$date" : 1408377409058 } ] }
{ "_id" : { "$oid" : "53f20621dabe6e14649873d8" }, "url" : "http://tempsreel.nouvelobs.com/tag/ebola", "origin" : "bing", "date" : [ { "$date" : 1408377409060 } ] }
{ "_id" : { "$oid" : "53f20621dabe6e14649873d9" }, "url" : "http://www.cdc.gov/vhf/ebola/outbreaks/guinea/index.html", "origin" : "bing", "date" : [ { "$date" : 1408377409062 } ] }
{ "_id" : { "$oid" : "53f20621dabe6e14649873da" }, "url" : "http://www.who.int/mediacentre/factsheets/fs103/fr/", "origin" : "bing", "date" : [ { "$date" : 1408377409064 } ] }
{ "_id" : { "$oid" : "53f20621dabe6e14649873db" }, "url" : "http://www.who.int/csr/disease/ebola/fr/", "origin" : "bing", "date" : [ { "$date" : 1408377409066 } ] }
{ "_id" : { "$oid" : "53f20621dabe6e14649873dc" }, "url" : "http://fr.wikipedia.org/wiki/Ebola", "origin" : "bing", "date" : [ { "$date" : 1408377409068 } ] }
{ "_id" : { "$oid" : "53f20621dabe6e14649873dd" }, "url" : "http://www.bloomberg.com/quicktake/ebola/", "origin" : "bing", "date" : [ { "$date" : 1408377409070 } ] }
{ "_id" : { "$oid" : "53f20621dabe6e14649873de" }, "url" : "http://www.medicinenet.com/ebola_hemorrhagic_fever_ebola_hf/article.htm", "origin" : "bing", "date" : [ { "$date" : 1408377409072 } ] }
{ "_id" : { "$oid" : "53f20621dabe6e14649873df" }, "url" : "http://www.cnn.com/2014/08/16/health/ebola-outbreak/index.html", "origin" : "bing", "date" : [ { "$date" : 1408377409074 } ] }
{ "_id" : { "$oid" : "53f20621dabe6e14649873e0" }, "url" : "http://www.webmd.com/a-to-z-guides/ebola-fever-virus-infection", "origin" : "bing", "date" : [ { "$date" : 1408377409075 } ] }
{ "_id" : { "$oid" : "53f20621dabe6e14649873e1" }, "url" : "http://www.caducee.net/DossierSpecialises/infection/ebola.asp", "origin" : "bing", "date" : [ { "$date" : 1408377409077 } ] }
{ "_id" : { "$oid" : "53f20621dabe6e14649873e2" }, "url" : "http://www.deezer.com/artist/115179", "origin" : "bing", "date" : [ { "$date" : 1408377409079 } ] }
{ "_id" : { "$oid" : "53f20621dabe6e14649873e3" }, "url" : "http://www.nlm.nih.gov/medlineplus/ency/article/001339.htm", "origin" : "bing", "date" : [ { "$date" : 1408377409081 } ] }
{ "_id" : { "$oid" : "53f20621dabe6e14649873e4" }, "url" : "http://www.doctissimo.fr/html/sante/mag_2000/mag1027/sa_2825_ebola.htm", "origin" : "bing", "date" : [ { "$date" : 1408377409083 } ] }
{ "_id" : { "$oid" : "53f20621dabe6e14649873e5" }, "url" : "http://abcnews.go.com/topics/lifestyle/health/ebola-virus.htm", "origin" : "bing", "date" : [ { "$date" : 1408377409085 } ] }
{ "_id" : { "$oid" : "53f20621dabe6e14649873e6" }, "url" : "http://www.giantmicrobes.com/fr/products/ebola.html", "origin" : "bing", "date" : [ { "$date" : 1408377409086 } ] }
{ "_id" : { "$oid" : "53f20621dabe6e14649873e7" }, "url" : "http://www.futura-sciences.com/photos/d/virus-bacteries-plus-mortels-709/ebola-virus-mortalite-plus-elevee-5154/", "origin" : "bing", "date" : [ { "$date" : 1408377409088 } ] }
{ "_id" : { "$oid" : "53f20621dabe6e14649873e8" }, "url" : "http://www.liberation.fr/economie/2014/08/17/ebola-poussee-de-violence-au-liberia_1082287", "origin" : "bing", "date" : [ { "$date" : 1408377409090 } ] }
{ "_id" : { "$oid" : "53f20621dabe6e14649873e9" }, "url" : "http://time.com/tag/ebola/", "origin" : "bing", "date" : [ { "$date" : 1408377409092 } ] }
{ "_id" : { "$oid" : "53f20621dabe6e14649873ea" }, "url" : "http://en.wikipedia.org/wiki/Ebola_virus_disease", "origin" : "bing", "date" : [ { "$date" : 1408377409094 } ] }
{ "_id" : { "$oid" : "53f20621dabe6e14649873eb" }, "url" : "http://www.slate.fr/story/90979/ebola-traitement-faq", "origin" : "bing", "date" : [ { "$date" : 1408377409096 } ] }
{ "_id" : { "$oid" : "53f20621dabe6e14649873ec" }, "url" : "http://www.francetvinfo.fr/sante/maladie/ebola/", "origin" : "bing", "date" : [ { "$date" : 1408377409098 } ] }
{ "_id" : { "$oid" : "53f20621dabe6e14649873ed" }, "url" : "http://abcnews.go.com/Health/ebola/", "origin" : "bing", "date" : [ { "$date" : 1408377409099 } ] }
{ "_id" : { "$oid" : "53f20621dabe6e14649873ee" }, "url" : "http://www.ndtv.com/topic/ebola", "origin" : "bing", "date" : [ { "$date" : 1408377409101 } ] }
{ "_id" : { "$oid" : "53f20621dabe6e14649873ef" }, "url" : "http://healthmap.org/ebola/", "origin" : "bing", "date" : [ { "$date" : 1408377409103 } ] }
{ "_id" : { "$oid" : "53f20621dabe6e14649873f0" }, "url" : "http://www.telegraph.co.uk/news/worldnews/ebola/", "origin" : "bing", "date" : [ { "$date" : 1408377409105 } ] }
{ "_id" : { "$oid" : "53f20621dabe6e14649873f1" }, "url" : "http://www.rfi.fr/emission/20140701-1-ebola/", "origin" : "bing", "date" : [ { "$date" : 1408377409107 } ] }
{ "_id" : { "$oid" : "53f20621dabe6e14649873f2" }, "url" : "http://www.doctorswithoutborders.org/our-work/medical-issues/ebola", "origin" : "bing", "date" : [ { "$date" : 1408377409109 } ] }
{ "_id" : { "$oid" : "53f20621dabe6e14649873f3" }, "url" : "http://www.nytimes.com/health/guides/disease/ebola-hemorrhagic-fever/overview.html", "origin" : "bing", "date" : [ { "$date" : 1408377409111 } ] }
{ "_id" : { "$oid" : "53f20621dabe6e14649873f4" }, "url" : "http://www.france24.com/fr/tag/virus-ebola/", "origin" : "bing", "date" : [ { "$date" : 1408377409112 } ] }
{ "_id" : { "$oid" : "53f20621dabe6e14649873f5" }, "url" : "http://www.slate.fr/story/91033/ebola-mandarin-ethique", "origin" : "bing", "date" : [ { "$date" : 1408377409114 } ] }
{ "_id" : { "$oid" : "53f20621dabe6e14649873f6" }, "url" : "http://www.ladepeche.fr/article/2014/08/18/1935738-ebola-29-malades-s-enfuient.html", "origin" : "bing", "date" : [ { "$date" : 1408377409116 } ] }
{ "_id" : { "$oid" : "53f20621dabe6e14649873f7" }, "url" : "http://www.lefigaro.fr/flash-actu/2014/08/17/97001-20140817FILWWW00018-ebola-1er-cas-suspect-en-espagne.php", "origin" : "bing", "date" : [ { "$date" : 1408377409118 } ] }
{ "_id" : { "$oid" : "53f20621dabe6e14649873f8" }, "url" : "http://www.lefigaro.fr/international/2014/08/09/01003-20140809ARTFIG00136-ebola-la-zambie-et-la-guinee-ferment-leurs-frontieres.php", "origin" : "bing", "date" : [ { "$date" : 1408377409120 } ] }
{ "_id" : { "$oid" : "53f20621dabe6e14649873f9" }, "url" : "http://ebola.emedtv.com/ebola/ebola-symptoms.html", "origin" : "bing", "date" : [ { "$date" : 1408377409122 } ] }
{ "_id" : { "$oid" : "53f20621dabe6e14649873fa" }, "url" : "http://www.futura-sciences.com/magazines/sante/infos/dico/d/medecine-fievre-hemorragique-virus-ebola-4217/", "origin" : "bing", "date" : [ { "$date" : 1408377409124 } ] }
{ "_id" : { "$oid" : "53f20621dabe6e14649873fb" }, "url" : "http://agora.qc.ca/dossiers/Fievre_hemorragique_Ebola", "origin" : "bing", "date" : [ { "$date" : 1408377409125 } ] }
{ "_id" : { "$oid" : "53f20621dabe6e14649873fc" }, "url" : "http://www.lesechos.fr/monde/europe/0203706691534-ebola-un-cas-suspect-en-espagne-1033554.php", "origin" : "bing", "date" : [ { "$date" : 1408377409127 } ] }
{ "_id" : { "$oid" : "53f20621dabe6e14649873fd" }, "url" : "http://news.msn.com/world/liberia-ebola-fears-rise-as-clinic-is-looted", "origin" : "bing", "date" : [ { "$date" : 1408377409129 } ] }
{ "_id" : { "$oid" : "53f20621dabe6e14649873fe" }, "url" : "http://www.niaid.nih.gov/topics/ebolaMarburg/Pages/default.aspx", "origin" : "bing", "date" : [ { "$date" : 1408377409131 } ] }
{ "_id" : { "$oid" : "53f20621dabe6e14649873ff" }, "url" : "http://www.msf.org.uk/ebola", "origin" : "bing", "date" : [ { "$date" : 1408377409133 } ] }
{ "_id" : { "$oid" : "53f20621dabe6e1464987400" }, "url" : "http://www.nlm.nih.gov/medlineplus/spanish/ency/article/001339.htm", "origin" : "bing", "date" : [ { "$date" : 1408377409135 } ] }
{ "_id" : { "$oid" : "53f20621dabe6e1464987401" }, "url" : "http://www.libertebonhomme.fr/2014/08/18/fausse-alerte-au-virus-ebola-au-chu-de-caen/", "origin" : "bing", "date" : [ { "$date" : 1408377409137 } ] }
{ "_id" : { "$oid" : "53f20621dabe6e1464987402" }, "url" : "http://www.europe1.fr/International/Ebola-au-Liberia-un-centre-d-isolement-attaque-2204955/", "origin" : "bing", "date" : [ { "$date" : 1408377409139 } ] }
{ "_id" : { "$oid" : "53f20621dabe6e1464987403" }, "url" : "http://www.infoplease.com/cig/dangerous-diseases-epidemics/ebola-africa-bloody-disease.html", "origin" : "bing", "date" : [ { "$date" : 1408377409141 } ] }
{ "_id" : { "$oid" : "53f20621dabe6e1464987404" }, "url" : "http://www.rfi.fr/afrique/20140807-face-ebola-le-liberia-degaine-etat-urgence-priere/", "origin" : "bing", "date" : [ { "$date" : 1408377409142 } ] }
{ "_id" : { "$oid" : "53f20621dabe6e1464987405" }, "url" : "http://www.ebolaplay.com/", "origin" : "bing", "date" : [ { "$date" : 1408377409144 } ] }
{ "_id" : { "$oid" : "53f20621dabe6e1464987406" }, "url" : "http://www.lemonde.fr/planete/article/2014/08/06/ebola-quel-scenario-si-une-personne-infectee-arrive-en-france_4467364_3244.html", "origin" : "bing", "date" : [ { "$date" : 1408377409147 } ] }
{ "_id" : { "$oid" : "53f20621dabe6e1464987407" }, "url" : "http://ebola.emedtv.com/ebola-virus/ebola-virus.html", "origin" : "bing", "date" : [ { "$date" : 1408377409149 } ] }
{ "_id" : { "$oid" : "53f2065cdabe6e14976ce6ad" }, "url" : "http://fr.wikipedia.org/wiki/Ebolavirus", "origin" : "bing", "date" : [ { "$date" : 1408377468105 } ] }
{ "_id" : { "$oid" : "53f2065cdabe6e14976ce6ae" }, "url" : "http://www.cdc.gov/vhf/ebola/", "origin" : "bing", "date" : [ { "$date" : 1408377468108 } ] }
{ "_id" : { "$oid" : "53f2065cdabe6e14976ce6af" }, "url" : "http://tempsreel.nouvelobs.com/tag/ebola", "origin" : "bing", "date" : [ { "$date" : 1408377468110 } ] }
{ "_id" : { "$oid" : "53f2065cdabe6e14976ce6b0" }, "url" : "http://www.cdc.gov/vhf/ebola/outbreaks/guinea/index.html", "origin" : "bing", "date" : [ { "$date" : 1408377468113 } ] }
{ "_id" : { "$oid" : "53f2065cdabe6e14976ce6b1" }, "url" : "http://www.who.int/mediacentre/factsheets/fs103/fr/", "origin" : "bing", "date" : [ { "$date" : 1408377468116 } ] }
{ "_id" : { "$oid" : "53f2065cdabe6e14976ce6b2" }, "url" : "http://www.who.int/csr/disease/ebola/fr/", "origin" : "bing", "date" : [ { "$date" : 1408377468118 } ] }
{ "_id" : { "$oid" : "53f2065cdabe6e14976ce6b3" }, "url" : "http://fr.wikipedia.org/wiki/Ebola", "origin" : "bing", "date" : [ { "$date" : 1408377468120 } ] }
{ "_id" : { "$oid" : "53f2065cdabe6e14976ce6b4" }, "url" : "http://www.bloomberg.com/quicktake/ebola/", "origin" : "bing", "date" : [ { "$date" : 1408377468122 } ] }
{ "_id" : { "$oid" : "53f2065cdabe6e14976ce6b5" }, "url" : "http://www.medicinenet.com/ebola_hemorrhagic_fever_ebola_hf/article.htm", "origin" : "bing", "date" : [ { "$date" : 1408377468125 } ] }
{ "_id" : { "$oid" : "53f2065cdabe6e14976ce6b6" }, "url" : "http://www.cnn.com/2014/08/16/health/ebola-outbreak/index.html", "origin" : "bing", "date" : [ { "$date" : 1408377468128 } ] }
{ "_id" : { "$oid" : "53f2065cdabe6e14976ce6b7" }, "url" : "http://www.webmd.com/a-to-z-guides/ebola-fever-virus-infection", "origin" : "bing", "date" : [ { "$date" : 1408377468131 } ] }
{ "_id" : { "$oid" : "53f2065cdabe6e14976ce6b8" }, "url" : "http://www.caducee.net/DossierSpecialises/infection/ebola.asp", "origin" : "bing", "date" : [ { "$date" : 1408377468133 } ] }
{ "_id" : { "$oid" : "53f2065cdabe6e14976ce6b9" }, "url" : "http://www.deezer.com/artist/115179", "origin" : "bing", "date" : [ { "$date" : 1408377468136 } ] }
{ "_id" : { "$oid" : "53f2065cdabe6e14976ce6ba" }, "url" : "http://www.nlm.nih.gov/medlineplus/ency/article/001339.htm", "origin" : "bing", "date" : [ { "$date" : 1408377468138 } ] }
{ "_id" : { "$oid" : "53f2065cdabe6e14976ce6bb" }, "url" : "http://www.doctissimo.fr/html/sante/mag_2000/mag1027/sa_2825_ebola.htm", "origin" : "bing", "date" : [ { "$date" : 1408377468140 } ] }
{ "_id" : { "$oid" : "53f2065cdabe6e14976ce6bc" }, "url" : "http://abcnews.go.com/topics/lifestyle/health/ebola-virus.htm", "origin" : "bing", "date" : [ { "$date" : 1408377468143 } ] }
{ "_id" : { "$oid" : "53f2065cdabe6e14976ce6bd" }, "url" : "http://www.giantmicrobes.com/fr/products/ebola.html", "origin" : "bing", "date" : [ { "$date" : 1408377468145 } ] }
{ "_id" : { "$oid" : "53f2065cdabe6e14976ce6be" }, "url" : "http://www.futura-sciences.com/photos/d/virus-bacteries-plus-mortels-709/ebola-virus-mortalite-plus-elevee-5154/", "origin" : "bing", "date" : [ { "$date" : 1408377468147 } ] }
{ "_id" : { "$oid" : "53f2065cdabe6e14976ce6bf" }, "url" : "http://www.rfi.fr/afrique/20140817-ebola-centre-isolement-attaque-liberia-patients-fuite/", "origin" : "bing", "date" : [ { "$date" : 1408377468148 } ] }
{ "_id" : { "$oid" : "53f2065cdabe6e14976ce6c0" }, "url" : "http://time.com/tag/ebola/", "origin" : "bing", "date" : [ { "$date" : 1408377468150 } ] }
{ "_id" : { "$oid" : "53f2065cdabe6e14976ce6c1" }, "url" : "http://en.wikipedia.org/wiki/Ebola_virus_disease", "origin" : "bing", "date" : [ { "$date" : 1408377468152 } ] }
{ "_id" : { "$oid" : "53f2065cdabe6e14976ce6c2" }, "url" : "http://www.slate.fr/story/90979/ebola-traitement-faq", "origin" : "bing", "date" : [ { "$date" : 1408377468154 } ] }
{ "_id" : { "$oid" : "53f2065cdabe6e14976ce6c3" }, "url" : "http://www.francetvinfo.fr/sante/maladie/ebola/", "origin" : "bing", "date" : [ { "$date" : 1408377468156 } ] }
{ "_id" : { "$oid" : "53f2065cdabe6e14976ce6c4" }, "url" : "http://abcnews.go.com/Health/ebola/", "origin" : "bing", "date" : [ { "$date" : 1408377468158 } ] }
{ "_id" : { "$oid" : "53f2065cdabe6e14976ce6c5" }, "url" : "http://www.ndtv.com/topic/ebola", "origin" : "bing", "date" : [ { "$date" : 1408377468160 } ] }
{ "_id" : { "$oid" : "53f2065cdabe6e14976ce6c6" }, "url" : "http://healthmap.org/ebola/", "origin" : "bing", "date" : [ { "$date" : 1408377468162 } ] }
{ "_id" : { "$oid" : "53f2065cdabe6e14976ce6c7" }, "url" : "http://www.telegraph.co.uk/news/worldnews/ebola/", "origin" : "bing", "date" : [ { "$date" : 1408377468164 } ] }
{ "_id" : { "$oid" : "53f2065cdabe6e14976ce6c8" }, "url" : "http://www.rfi.fr/emission/20140701-1-ebola/", "origin" : "bing", "date" : [ { "$date" : 1408377468166 } ] }
{ "_id" : { "$oid" : "53f2065cdabe6e14976ce6c9" }, "url" : "http://www.doctorswithoutborders.org/our-work/medical-issues/ebola", "origin" : "bing", "date" : [ { "$date" : 1408377468168 } ] }
{ "_id" : { "$oid" : "53f2065cdabe6e14976ce6ca" }, "url" : "http://www.nytimes.com/health/guides/disease/ebola-hemorrhagic-fever/overview.html", "origin" : "bing", "date" : [ { "$date" : 1408377468170 } ] }
{ "_id" : { "$oid" : "53f2065cdabe6e14976ce6cb" }, "url" : "http://www.france24.com/fr/tag/virus-ebola/", "origin" : "bing", "date" : [ { "$date" : 1408377468172 } ] }
{ "_id" : { "$oid" : "53f2065cdabe6e14976ce6cc" }, "url" : "http://www.slate.fr/story/91033/ebola-mandarin-ethique", "origin" : "bing", "date" : [ { "$date" : 1408377468174 } ] }
{ "_id" : { "$oid" : "53f2065cdabe6e14976ce6cd" }, "url" : "http://www.ladepeche.fr/article/2014/08/18/1935738-ebola-29-malades-s-enfuient.html", "origin" : "bing", "date" : [ { "$date" : 1408377468176 } ] }
{ "_id" : { "$oid" : "53f2065cdabe6e14976ce6ce" }, "url" : "http://www.lefigaro.fr/flash-actu/2014/08/17/97001-20140817FILWWW00018-ebola-1er-cas-suspect-en-espagne.php", "origin" : "bing", "date" : [ { "$date" : 1408377468178 } ] }
{ "_id" : { "$oid" : "53f2065cdabe6e14976ce6cf" }, "url" : "http://www.lefigaro.fr/international/2014/08/09/01003-20140809ARTFIG00136-ebola-la-zambie-et-la-guinee-ferment-leurs-frontieres.php", "origin" : "bing", "date" : [ { "$date" : 1408377468180 } ] }
{ "_id" : { "$oid" : "53f2065cdabe6e14976ce6d0" }, "url" : "http://tempsreel.nouvelobs.com/sante/20140818.OBS6568/ebola-quand-medecins-et-infirmieres-se-sacrifient.html", "origin" : "bing", "date" : [ { "$date" : 1408377468183 } ] }
{ "_id" : { "$oid" : "53f2065cdabe6e14976ce6d1" }, "url" : "http://ebola.emedtv.com/ebola/ebola-symptoms.html", "origin" : "bing", "date" : [ { "$date" : 1408377468185 } ] }
{ "_id" : { "$oid" : "53f2065cdabe6e14976ce6d2" }, "url" : "http://www.futura-sciences.com/magazines/sante/infos/dico/d/medecine-fievre-hemorragique-virus-ebola-4217/", "origin" : "bing", "date" : [ { "$date" : 1408377468187 } ] }
{ "_id" : { "$oid" : "53f2065cdabe6e14976ce6d3" }, "url" : "http://agora.qc.ca/dossiers/Fievre_hemorragique_Ebola", "origin" : "bing", "date" : [ { "$date" : 1408377468189 } ] }
{ "_id" : { "$oid" : "53f2065cdabe6e14976ce6d4" }, "url" : "http://www.lesechos.fr/monde/europe/0203706691534-ebola-un-cas-suspect-en-espagne-1033554.php", "origin" : "bing", "date" : [ { "$date" : 1408377468191 } ] }
{ "_id" : { "$oid" : "53f2065cdabe6e14976ce6d5" }, "url" : "http://news.msn.com/world/liberia-ebola-fears-rise-as-clinic-is-looted", "origin" : "bing", "date" : [ { "$date" : 1408377468193 } ] }
{ "_id" : { "$oid" : "53f2065cdabe6e14976ce6d6" }, "url" : "http://www.niaid.nih.gov/topics/ebolaMarburg/Pages/default.aspx", "origin" : "bing", "date" : [ { "$date" : 1408377468195 } ] }
{ "_id" : { "$oid" : "53f2065cdabe6e14976ce6d7" }, "url" : "http://www.msf.org.uk/ebola", "origin" : "bing", "date" : [ { "$date" : 1408377468197 } ] }
{ "_id" : { "$oid" : "53f2065cdabe6e14976ce6d8" }, "url" : "http://www.nlm.nih.gov/medlineplus/spanish/ency/article/001339.htm", "origin" : "bing", "date" : [ { "$date" : 1408377468199 } ] }
{ "_id" : { "$oid" : "53f2065cdabe6e14976ce6d9" }, "url" : "http://www.libertebonhomme.fr/2014/08/18/fausse-alerte-au-virus-ebola-au-chu-de-caen/", "origin" : "bing", "date" : [ { "$date" : 1408377468201 } ] }
{ "_id" : { "$oid" : "53f2065cdabe6e14976ce6da" }, "url" : "http://www.europe1.fr/International/Ebola-au-Liberia-un-centre-d-isolement-attaque-2204955/", "origin" : "bing", "date" : [ { "$date" : 1408377468203 } ] }
{ "_id" : { "$oid" : "53f2065cdabe6e14976ce6db" }, "url" : "http://www.infoplease.com/cig/dangerous-diseases-epidemics/ebola-africa-bloody-disease.html", "origin" : "bing", "date" : [ { "$date" : 1408377468205 } ] }
{ "_id" : { "$oid" : "53f2065cdabe6e14976ce6dc" }, "url" : "http://www.ebolaplay.com/", "origin" : "bing", "date" : [ { "$date" : 1408377468206 } ] }
{ "_id" : { "$oid" : "53f2065cdabe6e14976ce6dd" }, "url" : "http://www.lemonde.fr/planete/article/2014/08/06/ebola-quel-scenario-si-une-personne-infectee-arrive-en-france_4467364_3244.html", "origin" : "bing", "date" : [ { "$date" : 1408377468208 } ] }
{ "_id" : { "$oid" : "53f2065cdabe6e14976ce6de" }, "url" : "http://ebola.emedtv.com/ebola-virus/ebola-virus.html", "origin" : "bing", "date" : [ { "$date" : 1408377468210 } ] }
{ "_id" : { "$oid" : "53f2068fdabe6e14ca48c2ad" }, "url" : "http://fr.wikipedia.org/wiki/Ebolavirus", "origin" : "bing", "date" : [ { "$date" : 1408377519691 } ] }
{ "_id" : { "$oid" : "53f2068fdabe6e14ca48c2ae" }, "url" : "http://www.cdc.gov/vhf/ebola/", "origin" : "bing", "date" : [ { "$date" : 1408377519694 } ] }
{ "_id" : { "$oid" : "53f2068fdabe6e14ca48c2af" }, "url" : "http://tempsreel.nouvelobs.com/tag/ebola", "origin" : "bing", "date" : [ { "$date" : 1408377519697 } ] }
{ "_id" : { "$oid" : "53f2068fdabe6e14ca48c2b0" }, "url" : "http://www.cdc.gov/vhf/ebola/outbreaks/guinea/index.html", "origin" : "bing", "date" : [ { "$date" : 1408377519700 } ] }
{ "_id" : { "$oid" : "53f2068fdabe6e14ca48c2b1" }, "url" : "http://www.who.int/mediacentre/factsheets/fs103/fr/", "origin" : "bing", "date" : [ { "$date" : 1408377519702 } ] }
{ "_id" : { "$oid" : "53f2068fdabe6e14ca48c2b2" }, "url" : "http://www.who.int/csr/disease/ebola/fr/", "origin" : "bing", "date" : [ { "$date" : 1408377519704 } ] }
{ "_id" : { "$oid" : "53f2068fdabe6e14ca48c2b3" }, "url" : "http://fr.wikipedia.org/wiki/Ebola", "origin" : "bing", "date" : [ { "$date" : 1408377519706 } ] }
{ "_id" : { "$oid" : "53f2068fdabe6e14ca48c2b4" }, "url" : "http://www.bloomberg.com/quicktake/ebola/", "origin" : "bing", "date" : [ { "$date" : 1408377519708 } ] }
{ "_id" : { "$oid" : "53f2068fdabe6e14ca48c2b5" }, "url" : "http://www.medicinenet.com/ebola_hemorrhagic_fever_ebola_hf/article.htm", "origin" : "bing", "date" : [ { "$date" : 1408377519710 } ] }
{ "_id" : { "$oid" : "53f2068fdabe6e14ca48c2b6" }, "url" : "http://www.cnn.com/2014/08/16/health/ebola-outbreak/index.html", "origin" : "bing", "date" : [ { "$date" : 1408377519713 } ] }
{ "_id" : { "$oid" : "53f2068fdabe6e14ca48c2b7" }, "url" : "http://www.webmd.com/a-to-z-guides/ebola-fever-virus-infection", "origin" : "bing", "date" : [ { "$date" : 1408377519715 } ] }
{ "_id" : { "$oid" : "53f2068fdabe6e14ca48c2b8" }, "url" : "http://www.caducee.net/DossierSpecialises/infection/ebola.asp", "origin" : "bing", "date" : [ { "$date" : 1408377519717 } ] }
{ "_id" : { "$oid" : "53f2068fdabe6e14ca48c2b9" }, "url" : "http://www.deezer.com/artist/115179", "origin" : "bing", "date" : [ { "$date" : 1408377519719 } ] }
{ "_id" : { "$oid" : "53f2068fdabe6e14ca48c2ba" }, "url" : "http://www.nlm.nih.gov/medlineplus/ency/article/001339.htm", "origin" : "bing", "date" : [ { "$date" : 1408377519721 } ] }
{ "_id" : { "$oid" : "53f2068fdabe6e14ca48c2bb" }, "url" : "http://www.doctissimo.fr/html/sante/mag_2000/mag1027/sa_2825_ebola.htm", "origin" : "bing", "date" : [ { "$date" : 1408377519723 } ] }
{ "_id" : { "$oid" : "53f2068fdabe6e14ca48c2bc" }, "url" : "http://abcnews.go.com/topics/lifestyle/health/ebola-virus.htm", "origin" : "bing", "date" : [ { "$date" : 1408377519725 } ] }
{ "_id" : { "$oid" : "53f2068fdabe6e14ca48c2bd" }, "url" : "http://www.giantmicrobes.com/fr/products/ebola.html", "origin" : "bing", "date" : [ { "$date" : 1408377519727 } ] }
{ "_id" : { "$oid" : "53f2068fdabe6e14ca48c2be" }, "url" : "http://www.futura-sciences.com/photos/d/virus-bacteries-plus-mortels-709/ebola-virus-mortalite-plus-elevee-5154/", "origin" : "bing", "date" : [ { "$date" : 1408377519729 } ] }
{ "_id" : { "$oid" : "53f2068fdabe6e14ca48c2bf" }, "url" : "http://www.liberation.fr/economie/2014/08/17/ebola-poussee-de-violence-au-liberia_1082287", "origin" : "bing", "date" : [ { "$date" : 1408377519731 } ] }
{ "_id" : { "$oid" : "53f2068fdabe6e14ca48c2c0" }, "url" : "http://time.com/tag/ebola/", "origin" : "bing", "date" : [ { "$date" : 1408377519733 } ] }
{ "_id" : { "$oid" : "53f2068fdabe6e14ca48c2c1" }, "url" : "http://en.wikipedia.org/wiki/Ebola_virus_disease", "origin" : "bing", "date" : [ { "$date" : 1408377519735 } ] }
{ "_id" : { "$oid" : "53f2068fdabe6e14ca48c2c2" }, "url" : "http://www.slate.fr/story/90979/ebola-traitement-faq", "origin" : "bing", "date" : [ { "$date" : 1408377519738 } ] }
{ "_id" : { "$oid" : "53f2068fdabe6e14ca48c2c3" }, "url" : "http://www.francetvinfo.fr/sante/maladie/ebola/", "origin" : "bing", "date" : [ { "$date" : 1408377519740 } ] }
{ "_id" : { "$oid" : "53f2068fdabe6e14ca48c2c4" }, "url" : "http://abcnews.go.com/Health/ebola/", "origin" : "bing", "date" : [ { "$date" : 1408377519743 } ] }
{ "_id" : { "$oid" : "53f2068fdabe6e14ca48c2c5" }, "url" : "http://www.ndtv.com/topic/ebola", "origin" : "bing", "date" : [ { "$date" : 1408377519745 } ] }
{ "_id" : { "$oid" : "53f2068fdabe6e14ca48c2c6" }, "url" : "http://healthmap.org/ebola/", "origin" : "bing", "date" : [ { "$date" : 1408377519748 } ] }
{ "_id" : { "$oid" : "53f2068fdabe6e14ca48c2c7" }, "url" : "http://www.telegraph.co.uk/news/worldnews/ebola/", "origin" : "bing", "date" : [ { "$date" : 1408377519751 } ] }
{ "_id" : { "$oid" : "53f2068fdabe6e14ca48c2c8" }, "url" : "http://www.rfi.fr/emission/20140701-1-ebola/", "origin" : "bing", "date" : [ { "$date" : 1408377519753 } ] }
{ "_id" : { "$oid" : "53f2068fdabe6e14ca48c2c9" }, "url" : "http://www.doctorswithoutborders.org/our-work/medical-issues/ebola", "origin" : "bing", "date" : [ { "$date" : 1408377519756 } ] }
{ "_id" : { "$oid" : "53f2068fdabe6e14ca48c2ca" }, "url" : "http://www.nytimes.com/health/guides/disease/ebola-hemorrhagic-fever/overview.html", "origin" : "bing", "date" : [ { "$date" : 1408377519760 } ] }
{ "_id" : { "$oid" : "53f2068fdabe6e14ca48c2cb" }, "url" : "http://www.france24.com/fr/tag/virus-ebola/", "origin" : "bing", "date" : [ { "$date" : 1408377519763 } ] }
{ "_id" : { "$oid" : "53f2068fdabe6e14ca48c2cc" }, "url" : "http://www.slate.fr/story/91033/ebola-mandarin-ethique", "origin" : "bing", "date" : [ { "$date" : 1408377519765 } ] }
{ "_id" : { "$oid" : "53f2068fdabe6e14ca48c2cd" }, "url" : "http://www.ladepeche.fr/article/2014/08/18/1935738-ebola-29-malades-s-enfuient.html", "origin" : "bing", "date" : [ { "$date" : 1408377519768 } ] }
{ "_id" : { "$oid" : "53f2068fdabe6e14ca48c2ce" }, "url" : "http://www.lefigaro.fr/flash-actu/2014/08/17/97001-20140817FILWWW00018-ebola-1er-cas-suspect-en-espagne.php", "origin" : "bing", "date" : [ { "$date" : 1408377519770 } ] }
{ "_id" : { "$oid" : "53f2068fdabe6e14ca48c2cf" }, "url" : "http://www.lefigaro.fr/international/2014/08/09/01003-20140809ARTFIG00136-ebola-la-zambie-et-la-guinee-ferment-leurs-frontieres.php", "origin" : "bing", "date" : [ { "$date" : 1408377519773 } ] }
{ "_id" : { "$oid" : "53f2068fdabe6e14ca48c2d0" }, "url" : "http://tempsreel.nouvelobs.com/sante/20140818.OBS6568/ebola-quand-medecins-et-infirmieres-se-sacrifient.html", "origin" : "bing", "date" : [ { "$date" : 1408377519775 } ] }
{ "_id" : { "$oid" : "53f2068fdabe6e14ca48c2d1" }, "url" : "http://ebola.emedtv.com/ebola/ebola-symptoms.html", "origin" : "bing", "date" : [ { "$date" : 1408377519778 } ] }
{ "_id" : { "$oid" : "53f2068fdabe6e14ca48c2d2" }, "url" : "http://www.futura-sciences.com/magazines/sante/infos/dico/d/medecine-fievre-hemorragique-virus-ebola-4217/", "origin" : "bing", "date" : [ { "$date" : 1408377519780 } ] }
{ "_id" : { "$oid" : "53f2068fdabe6e14ca48c2d3" }, "url" : "http://agora.qc.ca/dossiers/Fievre_hemorragique_Ebola", "origin" : "bing", "date" : [ { "$date" : 1408377519782 } ] }
{ "_id" : { "$oid" : "53f2068fdabe6e14ca48c2d4" }, "url" : "http://www.lesechos.fr/monde/europe/0203706691534-ebola-un-cas-suspect-en-espagne-1033554.php", "origin" : "bing", "date" : [ { "$date" : 1408377519785 } ] }
{ "_id" : { "$oid" : "53f2068fdabe6e14ca48c2d5" }, "url" : "http://news.msn.com/world/liberia-ebola-fears-rise-as-clinic-is-looted", "origin" : "bing", "date" : [ { "$date" : 1408377519788 } ] }
{ "_id" : { "$oid" : "53f2068fdabe6e14ca48c2d6" }, "url" : "http://www.niaid.nih.gov/topics/ebolaMarburg/Pages/default.aspx", "origin" : "bing", "date" : [ { "$date" : 1408377519790 } ] }
{ "_id" : { "$oid" : "53f2068fdabe6e14ca48c2d7" }, "url" : "http://www.msf.org.uk/ebola", "origin" : "bing", "date" : [ { "$date" : 1408377519793 } ] }
{ "_id" : { "$oid" : "53f2068fdabe6e14ca48c2d8" }, "url" : "http://www.nlm.nih.gov/medlineplus/spanish/ency/article/001339.htm", "origin" : "bing", "date" : [ { "$date" : 1408377519795 } ] }
{ "_id" : { "$oid" : "53f2068fdabe6e14ca48c2d9" }, "url" : "http://www.libertebonhomme.fr/2014/08/18/fausse-alerte-au-virus-ebola-au-chu-de-caen/", "origin" : "bing", "date" : [ { "$date" : 1408377519797 } ] }
{ "_id" : { "$oid" : "53f2068fdabe6e14ca48c2da" }, "url" : "http://www.europe1.fr/International/Ebola-au-Liberia-un-centre-d-isolement-attaque-2204955/", "origin" : "bing", "date" : [ { "$date" : 1408377519799 } ] }
{ "_id" : { "$oid" : "53f2068fdabe6e14ca48c2db" }, "url" : "http://www.infoplease.com/cig/dangerous-diseases-epidemics/ebola-africa-bloody-disease.html", "origin" : "bing", "date" : [ { "$date" : 1408377519802 } ] }
{ "_id" : { "$oid" : "53f2068fdabe6e14ca48c2dc" }, "url" : "http://www.rfi.fr/afrique/20140807-face-ebola-le-liberia-degaine-etat-urgence-priere/", "origin" : "bing", "date" : [ { "$date" : 1408377519804 } ] }
{ "_id" : { "$oid" : "53f2068fdabe6e14ca48c2dd" }, "url" : "http://www.ebolaplay.com/", "origin" : "bing", "date" : [ { "$date" : 1408377519806 } ] }
{ "_id" : { "$oid" : "53f2068fdabe6e14ca48c2de" }, "url" : "http://www.lemonde.fr/planete/article/2014/08/06/ebola-quel-scenario-si-une-personne-infectee-arrive-en-france_4467364_3244.html", "origin" : "bing", "date" : [ { "$date" : 1408377519808 } ] }
{ "_id" : { "$oid" : "53f207eadabe6e155d0fb3c6" }, "url" : "http://fr.wikipedia.org/wiki/Ebolavirus", "origin" : "bing", "date" : [ { "$date" : 1408377866522 } ] }
{ "_id" : { "$oid" : "53f207eadabe6e155d0fb3c7" }, "url" : "http://www.cdc.gov/vhf/ebola/", "origin" : "bing", "date" : [ { "$date" : 1408377866525 } ] }
{ "_id" : { "$oid" : "53f207eadabe6e155d0fb3c8" }, "url" : "http://tempsreel.nouvelobs.com/tag/ebola", "origin" : "bing", "date" : [ { "$date" : 1408377866527 } ] }
{ "_id" : { "$oid" : "53f207eadabe6e155d0fb3c9" }, "url" : "http://www.cdc.gov/vhf/ebola/outbreaks/guinea/index.html", "origin" : "bing", "date" : [ { "$date" : 1408377866529 } ] }
{ "_id" : { "$oid" : "53f207eadabe6e155d0fb3ca" }, "url" : "http://www.who.int/mediacentre/factsheets/fs103/fr/", "origin" : "bing", "date" : [ { "$date" : 1408377866531 } ] }
{ "_id" : { "$oid" : "53f207eadabe6e155d0fb3cb" }, "url" : "http://www.who.int/csr/disease/ebola/fr/", "origin" : "bing", "date" : [ { "$date" : 1408377866533 } ] }
{ "_id" : { "$oid" : "53f207eadabe6e155d0fb3cc" }, "url" : "http://fr.wikipedia.org/wiki/Ebola", "origin" : "bing", "date" : [ { "$date" : 1408377866536 } ] }
{ "_id" : { "$oid" : "53f207eadabe6e155d0fb3cd" }, "url" : "http://www.bloomberg.com/quicktake/ebola/", "origin" : "bing", "date" : [ { "$date" : 1408377866538 } ] }
{ "_id" : { "$oid" : "53f207eadabe6e155d0fb3ce" }, "url" : "http://www.medicinenet.com/ebola_hemorrhagic_fever_ebola_hf/article.htm", "origin" : "bing", "date" : [ { "$date" : 1408377866541 } ] }
{ "_id" : { "$oid" : "53f207eadabe6e155d0fb3cf" }, "url" : "http://www.cnn.com/2014/08/16/health/ebola-outbreak/index.html", "origin" : "bing", "date" : [ { "$date" : 1408377866543 } ] }
{ "_id" : { "$oid" : "53f207eadabe6e155d0fb3d0" }, "url" : "http://www.webmd.com/a-to-z-guides/ebola-fever-virus-infection", "origin" : "bing", "date" : [ { "$date" : 1408377866545 } ] }
{ "_id" : { "$oid" : "53f207eadabe6e155d0fb3d1" }, "url" : "http://www.caducee.net/DossierSpecialises/infection/ebola.asp", "origin" : "bing", "date" : [ { "$date" : 1408377866547 } ] }
{ "_id" : { "$oid" : "53f207eadabe6e155d0fb3d2" }, "url" : "http://www.deezer.com/artist/115179", "origin" : "bing", "date" : [ { "$date" : 1408377866549 } ] }
{ "_id" : { "$oid" : "53f207eadabe6e155d0fb3d3" }, "url" : "http://www.nlm.nih.gov/medlineplus/ency/article/001339.htm", "origin" : "bing", "date" : [ { "$date" : 1408377866551 } ] }
{ "_id" : { "$oid" : "53f207eadabe6e155d0fb3d4" }, "url" : "http://www.doctissimo.fr/html/sante/mag_2000/mag1027/sa_2825_ebola.htm", "origin" : "bing", "date" : [ { "$date" : 1408377866553 } ] }
{ "_id" : { "$oid" : "53f207eadabe6e155d0fb3d5" }, "url" : "http://abcnews.go.com/topics/lifestyle/health/ebola-virus.htm", "origin" : "bing", "date" : [ { "$date" : 1408377866555 } ] }
{ "_id" : { "$oid" : "53f207eadabe6e155d0fb3d6" }, "url" : "http://www.giantmicrobes.com/fr/products/ebola.html", "origin" : "bing", "date" : [ { "$date" : 1408377866557 } ] }
{ "_id" : { "$oid" : "53f207eadabe6e155d0fb3d7" }, "url" : "http://www.futura-sciences.com/photos/d/virus-bacteries-plus-mortels-709/ebola-virus-mortalite-plus-elevee-5154/", "origin" : "bing", "date" : [ { "$date" : 1408377866560 } ] }
{ "_id" : { "$oid" : "53f207eadabe6e155d0fb3d8" }, "url" : "http://www.rfi.fr/afrique/20140817-ebola-centre-isolement-attaque-liberia-patients-fuite/", "origin" : "bing", "date" : [ { "$date" : 1408377866562 } ] }
{ "_id" : { "$oid" : "53f207eadabe6e155d0fb3d9" }, "url" : "http://time.com/tag/ebola/", "origin" : "bing", "date" : [ { "$date" : 1408377866564 } ] }
{ "_id" : { "$oid" : "53f207eadabe6e155d0fb3da" }, "url" : "http://en.wikipedia.org/wiki/Ebola_virus_disease", "origin" : "bing", "date" : [ { "$date" : 1408377866566 } ] }
{ "_id" : { "$oid" : "53f207eadabe6e155d0fb3db" }, "url" : "http://www.slate.fr/story/90979/ebola-traitement-faq", "origin" : "bing", "date" : [ { "$date" : 1408377866568 } ] }
{ "_id" : { "$oid" : "53f207eadabe6e155d0fb3dc" }, "url" : "http://www.francetvinfo.fr/sante/maladie/ebola/", "origin" : "bing", "date" : [ { "$date" : 1408377866570 } ] }
{ "_id" : { "$oid" : "53f207eadabe6e155d0fb3dd" }, "url" : "http://abcnews.go.com/Health/ebola/", "origin" : "bing", "date" : [ { "$date" : 1408377866572 } ] }
{ "_id" : { "$oid" : "53f207eadabe6e155d0fb3de" }, "url" : "http://www.ndtv.com/topic/ebola", "origin" : "bing", "date" : [ { "$date" : 1408377866574 } ] }
{ "_id" : { "$oid" : "53f207eadabe6e155d0fb3df" }, "url" : "http://healthmap.org/ebola/", "origin" : "bing", "date" : [ { "$date" : 1408377866577 } ] }
{ "_id" : { "$oid" : "53f207eadabe6e155d0fb3e0" }, "url" : "http://www.telegraph.co.uk/news/worldnews/ebola/", "origin" : "bing", "date" : [ { "$date" : 1408377866582 } ] }
{ "_id" : { "$oid" : "53f207eadabe6e155d0fb3e1" }, "url" : "http://www.rfi.fr/emission/20140701-1-ebola/", "origin" : "bing", "date" : [ { "$date" : 1408377866584 } ] }
{ "_id" : { "$oid" : "53f207eadabe6e155d0fb3e2" }, "url" : "http://www.doctorswithoutborders.org/our-work/medical-issues/ebola", "origin" : "bing", "date" : [ { "$date" : 1408377866586 } ] }
{ "_id" : { "$oid" : "53f207eadabe6e155d0fb3e3" }, "url" : "http://www.nytimes.com/health/guides/disease/ebola-hemorrhagic-fever/overview.html", "origin" : "bing", "date" : [ { "$date" : 1408377866588 } ] }
{ "_id" : { "$oid" : "53f207eadabe6e155d0fb3e4" }, "url" : "http://www.france24.com/fr/tag/virus-ebola/", "origin" : "bing", "date" : [ { "$date" : 1408377866591 } ] }
{ "_id" : { "$oid" : "53f207eadabe6e155d0fb3e5" }, "url" : "http://www.slate.fr/story/91033/ebola-mandarin-ethique", "origin" : "bing", "date" : [ { "$date" : 1408377866593 } ] }
{ "_id" : { "$oid" : "53f207eadabe6e155d0fb3e6" }, "url" : "http://www.ladepeche.fr/article/2014/08/18/1935738-ebola-29-malades-s-enfuient.html", "origin" : "bing", "date" : [ { "$date" : 1408377866595 } ] }
{ "_id" : { "$oid" : "53f207eadabe6e155d0fb3e7" }, "url" : "http://www.lefigaro.fr/flash-actu/2014/08/17/97001-20140817FILWWW00018-ebola-1er-cas-suspect-en-espagne.php", "origin" : "bing", "date" : [ { "$date" : 1408377866597 } ] }
{ "_id" : { "$oid" : "53f207eadabe6e155d0fb3e8" }, "url" : "http://www.lefigaro.fr/international/2014/08/09/01003-20140809ARTFIG00136-ebola-la-zambie-et-la-guinee-ferment-leurs-frontieres.php", "origin" : "bing", "date" : [ { "$date" : 1408377866599 } ] }
{ "_id" : { "$oid" : "53f207eadabe6e155d0fb3e9" }, "url" : "http://tempsreel.nouvelobs.com/sante/20140818.OBS6568/ebola-quand-medecins-et-infirmieres-se-sacrifient.html", "origin" : "bing", "date" : [ { "$date" : 1408377866601 } ] }
{ "_id" : { "$oid" : "53f207eadabe6e155d0fb3ea" }, "url" : "http://ebola.emedtv.com/ebola/ebola-symptoms.html", "origin" : "bing", "date" : [ { "$date" : 1408377866604 } ] }
{ "_id" : { "$oid" : "53f207eadabe6e155d0fb3eb" }, "url" : "http://www.futura-sciences.com/magazines/sante/infos/dico/d/medecine-fievre-hemorragique-virus-ebola-4217/", "origin" : "bing", "date" : [ { "$date" : 1408377866606 } ] }
{ "_id" : { "$oid" : "53f207eadabe6e155d0fb3ec" }, "url" : "http://agora.qc.ca/dossiers/Fievre_hemorragique_Ebola", "origin" : "bing", "date" : [ { "$date" : 1408377866608 } ] }
{ "_id" : { "$oid" : "53f207eadabe6e155d0fb3ed" }, "url" : "http://www.lesechos.fr/monde/europe/0203706691534-ebola-un-cas-suspect-en-espagne-1033554.php", "origin" : "bing", "date" : [ { "$date" : 1408377866610 } ] }
{ "_id" : { "$oid" : "53f207eadabe6e155d0fb3ee" }, "url" : "http://news.msn.com/world/liberia-ebola-fears-rise-as-clinic-is-looted", "origin" : "bing", "date" : [ { "$date" : 1408377866612 } ] }
{ "_id" : { "$oid" : "53f207eadabe6e155d0fb3ef" }, "url" : "http://www.niaid.nih.gov/topics/ebolaMarburg/Pages/default.aspx", "origin" : "bing", "date" : [ { "$date" : 1408377866614 } ] }
{ "_id" : { "$oid" : "53f207eadabe6e155d0fb3f0" }, "url" : "http://www.msf.org.uk/ebola", "origin" : "bing", "date" : [ { "$date" : 1408377866616 } ] }
{ "_id" : { "$oid" : "53f207eadabe6e155d0fb3f1" }, "url" : "http://www.nlm.nih.gov/medlineplus/spanish/ency/article/001339.htm", "origin" : "bing", "date" : [ { "$date" : 1408377866618 } ] }
{ "_id" : { "$oid" : "53f207eadabe6e155d0fb3f2" }, "url" : "http://www.libertebonhomme.fr/2014/08/18/fausse-alerte-au-virus-ebola-au-chu-de-caen/", "origin" : "bing", "date" : [ { "$date" : 1408377866621 } ] }
{ "_id" : { "$oid" : "53f207eadabe6e155d0fb3f3" }, "url" : "http://www.europe1.fr/International/Ebola-au-Liberia-un-centre-d-isolement-attaque-2204955/", "origin" : "bing", "date" : [ { "$date" : 1408377866623 } ] }
{ "_id" : { "$oid" : "53f207eadabe6e155d0fb3f4" }, "url" : "http://www.infoplease.com/cig/dangerous-diseases-epidemics/ebola-africa-bloody-disease.html", "origin" : "bing", "date" : [ { "$date" : 1408377866625 } ] }
{ "_id" : { "$oid" : "53f207eadabe6e155d0fb3f5" }, "url" : "http://www.ebolaplay.com/", "origin" : "bing", "date" : [ { "$date" : 1408377866627 } ] }
{ "_id" : { "$oid" : "53f207eadabe6e155d0fb3f6" }, "url" : "http://www.lemonde.fr/planete/article/2014/08/06/ebola-quel-scenario-si-une-personne-infectee-arrive-en-france_4467364_3244.html", "origin" : "bing", "date" : [ { "$date" : 1408377866629 } ] }
{ "_id" : { "$oid" : "53f207eadabe6e155d0fb3f7" }, "url" : "http://ebola.emedtv.com/ebola-virus/ebola-virus.html", "origin" : "bing", "date" : [ { "$date" : 1408377866631 } ] }
{ "_id" : { "$oid" : "53f20881dabe6e15887a3d2f" }, "url" : "http://fr.wikipedia.org/wiki/Ebolavirus", "origin" : "bing", "date" : [ { "$date" : 1408378017657 } ] }
{ "_id" : { "$oid" : "53f20881dabe6e15887a3d30" }, "url" : "http://www.cdc.gov/vhf/ebola/", "origin" : "bing", "date" : [ { "$date" : 1408378017659 } ] }
{ "_id" : { "$oid" : "53f20881dabe6e15887a3d31" }, "url" : "http://tempsreel.nouvelobs.com/tag/ebola", "origin" : "bing", "date" : [ { "$date" : 1408378017661 } ] }
{ "_id" : { "$oid" : "53f20881dabe6e15887a3d32" }, "url" : "http://www.cdc.gov/vhf/ebola/outbreaks/guinea/index.html", "origin" : "bing", "date" : [ { "$date" : 1408378017663 } ] }
{ "_id" : { "$oid" : "53f20881dabe6e15887a3d33" }, "url" : "http://www.who.int/mediacentre/factsheets/fs103/fr/", "origin" : "bing", "date" : [ { "$date" : 1408378017665 } ] }
{ "_id" : { "$oid" : "53f20881dabe6e15887a3d34" }, "url" : "http://www.who.int/csr/disease/ebola/fr/", "origin" : "bing", "date" : [ { "$date" : 1408378017666 } ] }
{ "_id" : { "$oid" : "53f20881dabe6e15887a3d35" }, "url" : "http://fr.wikipedia.org/wiki/Ebola", "origin" : "bing", "date" : [ { "$date" : 1408378017668 } ] }
{ "_id" : { "$oid" : "53f20881dabe6e15887a3d36" }, "url" : "http://www.bloomberg.com/quicktake/ebola/", "origin" : "bing", "date" : [ { "$date" : 1408378017670 } ] }
{ "_id" : { "$oid" : "53f20881dabe6e15887a3d37" }, "url" : "http://www.medicinenet.com/ebola_hemorrhagic_fever_ebola_hf/article.htm", "origin" : "bing", "date" : [ { "$date" : 1408378017673 } ] }
{ "_id" : { "$oid" : "53f20881dabe6e15887a3d38" }, "url" : "http://www.cnn.com/2014/08/16/health/ebola-outbreak/index.html", "origin" : "bing", "date" : [ { "$date" : 1408378017675 } ] }
{ "_id" : { "$oid" : "53f20881dabe6e15887a3d39" }, "url" : "http://www.webmd.com/a-to-z-guides/ebola-fever-virus-infection", "origin" : "bing", "date" : [ { "$date" : 1408378017677 } ] }
{ "_id" : { "$oid" : "53f20881dabe6e15887a3d3a" }, "url" : "http://www.caducee.net/DossierSpecialises/infection/ebola.asp", "origin" : "bing", "date" : [ { "$date" : 1408378017680 } ] }
{ "_id" : { "$oid" : "53f20881dabe6e15887a3d3b" }, "url" : "http://www.deezer.com/artist/115179", "origin" : "bing", "date" : [ { "$date" : 1408378017682 } ] }
{ "_id" : { "$oid" : "53f20881dabe6e15887a3d3c" }, "url" : "http://www.nlm.nih.gov/medlineplus/ency/article/001339.htm", "origin" : "bing", "date" : [ { "$date" : 1408378017684 } ] }
{ "_id" : { "$oid" : "53f20881dabe6e15887a3d3d" }, "url" : "http://www.doctissimo.fr/html/sante/mag_2000/mag1027/sa_2825_ebola.htm", "origin" : "bing", "date" : [ { "$date" : 1408378017686 } ] }
{ "_id" : { "$oid" : "53f20881dabe6e15887a3d3e" }, "url" : "http://abcnews.go.com/topics/lifestyle/health/ebola-virus.htm", "origin" : "bing", "date" : [ { "$date" : 1408378017689 } ] }
{ "_id" : { "$oid" : "53f20881dabe6e15887a3d3f" }, "url" : "http://www.giantmicrobes.com/fr/products/ebola.html", "origin" : "bing", "date" : [ { "$date" : 1408378017691 } ] }
{ "_id" : { "$oid" : "53f20881dabe6e15887a3d40" }, "url" : "http://www.futura-sciences.com/photos/d/virus-bacteries-plus-mortels-709/ebola-virus-mortalite-plus-elevee-5154/", "origin" : "bing", "date" : [ { "$date" : 1408378017693 } ] }
{ "_id" : { "$oid" : "53f20881dabe6e15887a3d41" }, "url" : "http://www.liberation.fr/monde/2014/08/18/le-liberia-recherche-17-malades-d-ebola-enfuits-d-un-centre-de-soins_1082601", "origin" : "bing", "date" : [ { "$date" : 1408378017695 } ] }
{ "_id" : { "$oid" : "53f20881dabe6e15887a3d42" }, "url" : "http://www.rfi.fr/afrique/20140817-ebola-centre-isolement-attaque-liberia-patients-fuite/", "origin" : "bing", "date" : [ { "$date" : 1408378017698 } ] }
{ "_id" : { "$oid" : "53f20881dabe6e15887a3d43" }, "url" : "http://time.com/tag/ebola/", "origin" : "bing", "date" : [ { "$date" : 1408378017700 } ] }
{ "_id" : { "$oid" : "53f20881dabe6e15887a3d44" }, "url" : "http://en.wikipedia.org/wiki/Ebola_virus_disease", "origin" : "bing", "date" : [ { "$date" : 1408378017702 } ] }
{ "_id" : { "$oid" : "53f20881dabe6e15887a3d45" }, "url" : "http://www.slate.fr/story/90979/ebola-traitement-faq", "origin" : "bing", "date" : [ { "$date" : 1408378017704 } ] }
{ "_id" : { "$oid" : "53f20881dabe6e15887a3d46" }, "url" : "http://www.francetvinfo.fr/sante/maladie/ebola/", "origin" : "bing", "date" : [ { "$date" : 1408378017707 } ] }
{ "_id" : { "$oid" : "53f20881dabe6e15887a3d47" }, "url" : "http://abcnews.go.com/Health/ebola/", "origin" : "bing", "date" : [ { "$date" : 1408378017709 } ] }
{ "_id" : { "$oid" : "53f20881dabe6e15887a3d48" }, "url" : "http://www.ndtv.com/topic/ebola", "origin" : "bing", "date" : [ { "$date" : 1408378017711 } ] }
{ "_id" : { "$oid" : "53f20881dabe6e15887a3d49" }, "url" : "http://healthmap.org/ebola/", "origin" : "bing", "date" : [ { "$date" : 1408378017713 } ] }
{ "_id" : { "$oid" : "53f20881dabe6e15887a3d4a" }, "url" : "http://www.telegraph.co.uk/news/worldnews/ebola/", "origin" : "bing", "date" : [ { "$date" : 1408378017715 } ] }
{ "_id" : { "$oid" : "53f20881dabe6e15887a3d4b" }, "url" : "http://www.rfi.fr/emission/20140701-1-ebola/", "origin" : "bing", "date" : [ { "$date" : 1408378017718 } ] }
{ "_id" : { "$oid" : "53f20881dabe6e15887a3d4c" }, "url" : "http://www.doctorswithoutborders.org/our-work/medical-issues/ebola", "origin" : "bing", "date" : [ { "$date" : 1408378017720 } ] }
{ "_id" : { "$oid" : "53f20881dabe6e15887a3d4d" }, "url" : "http://www.nytimes.com/health/guides/disease/ebola-hemorrhagic-fever/overview.html", "origin" : "bing", "date" : [ { "$date" : 1408378017722 } ] }
{ "_id" : { "$oid" : "53f20881dabe6e15887a3d4e" }, "url" : "http://www.france24.com/fr/tag/virus-ebola/", "origin" : "bing", "date" : [ { "$date" : 1408378017724 } ] }
{ "_id" : { "$oid" : "53f20881dabe6e15887a3d4f" }, "url" : "http://www.slate.fr/story/91033/ebola-mandarin-ethique", "origin" : "bing", "date" : [ { "$date" : 1408378017727 } ] }
{ "_id" : { "$oid" : "53f20881dabe6e15887a3d50" }, "url" : "http://www.ladepeche.fr/article/2014/08/18/1935738-ebola-29-malades-s-enfuient.html", "origin" : "bing", "date" : [ { "$date" : 1408378017729 } ] }
{ "_id" : { "$oid" : "53f20881dabe6e15887a3d51" }, "url" : "http://www.lefigaro.fr/flash-actu/2014/08/17/97001-20140817FILWWW00018-ebola-1er-cas-suspect-en-espagne.php", "origin" : "bing", "date" : [ { "$date" : 1408378017731 } ] }
{ "_id" : { "$oid" : "53f20881dabe6e15887a3d52" }, "url" : "http://www.lefigaro.fr/international/2014/08/09/01003-20140809ARTFIG00136-ebola-la-zambie-et-la-guinee-ferment-leurs-frontieres.php", "origin" : "bing", "date" : [ { "$date" : 1408378017733 } ] }
{ "_id" : { "$oid" : "53f20881dabe6e15887a3d53" }, "url" : "http://tempsreel.nouvelobs.com/sante/20140818.OBS6568/ebola-quand-medecins-et-infirmieres-se-sacrifient.html", "origin" : "bing", "date" : [ { "$date" : 1408378017736 } ] }
{ "_id" : { "$oid" : "53f20881dabe6e15887a3d54" }, "url" : "http://ebola.emedtv.com/ebola/ebola-symptoms.html", "origin" : "bing", "date" : [ { "$date" : 1408378017738 } ] }
{ "_id" : { "$oid" : "53f20881dabe6e15887a3d55" }, "url" : "http://www.futura-sciences.com/magazines/sante/infos/dico/d/medecine-fievre-hemorragique-virus-ebola-4217/", "origin" : "bing", "date" : [ { "$date" : 1408378017740 } ] }
{ "_id" : { "$oid" : "53f20881dabe6e15887a3d56" }, "url" : "http://agora.qc.ca/dossiers/Fievre_hemorragique_Ebola", "origin" : "bing", "date" : [ { "$date" : 1408378017744 } ] }
{ "_id" : { "$oid" : "53f20881dabe6e15887a3d57" }, "url" : "http://www.lesechos.fr/monde/europe/0203706691534-ebola-un-cas-suspect-en-espagne-1033554.php", "origin" : "bing", "date" : [ { "$date" : 1408378017746 } ] }
{ "_id" : { "$oid" : "53f20881dabe6e15887a3d58" }, "url" : "http://www.niaid.nih.gov/topics/ebolaMarburg/Pages/default.aspx", "origin" : "bing", "date" : [ { "$date" : 1408378017748 } ] }
{ "_id" : { "$oid" : "53f20881dabe6e15887a3d59" }, "url" : "http://www.msf.org.uk/ebola", "origin" : "bing", "date" : [ { "$date" : 1408378017751 } ] }
{ "_id" : { "$oid" : "53f20881dabe6e15887a3d5a" }, "url" : "http://www.nlm.nih.gov/medlineplus/spanish/ency/article/001339.htm", "origin" : "bing", "date" : [ { "$date" : 1408378017753 } ] }
{ "_id" : { "$oid" : "53f20881dabe6e15887a3d5b" }, "url" : "http://www.libertebonhomme.fr/2014/08/18/fausse-alerte-au-virus-ebola-au-chu-de-caen/", "origin" : "bing", "date" : [ { "$date" : 1408378017755 } ] }
{ "_id" : { "$oid" : "53f20881dabe6e15887a3d5c" }, "url" : "http://www.europe1.fr/International/Ebola-au-Liberia-un-centre-d-isolement-attaque-2204955/", "origin" : "bing", "date" : [ { "$date" : 1408378017757 } ] }
{ "_id" : { "$oid" : "53f20881dabe6e15887a3d5d" }, "url" : "http://www.infoplease.com/cig/dangerous-diseases-epidemics/ebola-africa-bloody-disease.html", "origin" : "bing", "date" : [ { "$date" : 1408378017759 } ] }
{ "_id" : { "$oid" : "53f20881dabe6e15887a3d5e" }, "url" : "http://www.ebolaplay.com/", "origin" : "bing", "date" : [ { "$date" : 1408378017762 } ] }
{ "_id" : { "$oid" : "53f20881dabe6e15887a3d5f" }, "url" : "http://www.lemonde.fr/planete/article/2014/08/06/ebola-quel-scenario-si-une-personne-infectee-arrive-en-france_4467364_3244.html", "origin" : "bing", "date" : [ { "$date" : 1408378017764 } ] }
{ "_id" : { "$oid" : "53f20881dabe6e15887a3d60" }, "url" : "http://ebola.emedtv.com/ebola-virus/ebola-virus.html", "origin" : "bing", "date" : [ { "$date" : 1408378017766 } ] }
