{ "_id" : { "$oid" : "53eb4d90dabe6e3ddd6e0094" }, "status" : false, "code" : 400, "url" : "http://www.cnn.com/2014/08/11/health/ebola-outbreak/index.html", "step" : "request", "msg" : "Request answer was not understood HTTPConnectionPool(host='edition.cnn.com', port=80): Read timed out. (read timeout=5)" }
{ "_id" : { "$oid" : "53eb4e34dabe6e3ddd6e00c8" }, "status" : false, "code" : 400, "url" : "http://news.yahoo.com/declares-ebola-epidemic-international-health-emergency-071204944.html", "step" : "request", "msg" : "Request answer was not understood timed out" }
{ "_id" : { "$oid" : "53efd8acdabe6e145e8bfe85" }, "status_code" : -2, "error_type" : "Error fetching results from BING API.\nError is : \"Expecting value: line 1 column 1 (char 0)\".\nCheck your API key then check your credentials: number of calls may not exceed 5000req/month", "key" : "12378°Y03TY", "query" : "\"ebola\"" }
{ "_id" : { "$oid" : "53efd8bfdabe6e1465641563" }, "status_code" : -2, "error_type" : "Error fetching results from BING API.\nError is : \"Expecting value: line 1 column 1 (char 0)\".\nCheck your API key then check your credentials: number of calls may not exceed 5000req/month", "key" : "12378°Y03TY", "query" : "\"ebola\"" }
{ "_id" : { "$oid" : "53efd90adabe6e1470335145" }, "status_code" : -2, "error_type" : "Error fetching results from BING API.\nError is : \"Expecting value: line 1 column 1 (char 0)\".\nCheck your API key then check your credentials: number of calls may not exceed 5000req/month", "key" : "12378°Y03TY", "query" : "\"ebola\"" }
{ "_id" : { "$oid" : "53efd921dabe6e1478334724" }, "status_code" : -2, "error_type" : "Error fetching results from BING API.\nError is : \"Expecting value: line 1 column 1 (char 0)\".\nCheck your API key then check your credentials: number of calls may not exceed 5000req/month", "key" : "12378°Y03TY", "query" : "\"ebola\"" }
{ "_id" : { "$oid" : "53efd931dabe6e147fa85891" }, "status_code" : -2, "error_type" : "Error fetching results from BING API.\nError is : \"Expecting value: line 1 column 1 (char 0)\".\nCheck your API key then check your credentials: number of calls may not exceed 5000req/month", "key" : "12378°Y03TY", "query" : "\"ebola\"" }
{ "_id" : { "$oid" : "53efd941dabe6e1486380b81" }, "status_code" : -2, "error_type" : "Error fetching results from BING API.\nError is : \"Expecting value: line 1 column 1 (char 0)\".\nCheck your API key then check your credentials: number of calls may not exceed 5000req/month", "key" : "12378°Y03TY", "query" : "\"ebola\"" }
{ "_id" : { "$oid" : "53efd954dabe6e148e745cd0" }, "status_code" : -2, "error_type" : "Error fetching results from BING API.\nError is : \"Expecting value: line 1 column 1 (char 0)\".\nCheck your API key then check your credentials: number of calls may not exceed 5000req/month", "key" : "12378°Y03TY", "query" : "\"ebola\"" }
{ "_id" : { "$oid" : "53efd965dabe6e1495ff1c9b" }, "status_code" : -2, "error_type" : "Error fetching results from BING API.\nError is : \"Expecting value: line 1 column 1 (char 0)\".\nCheck your API key then check your credentials: number of calls may not exceed 5000req/month", "key" : "12378°Y03TY", "query" : "\"ebola\"" }
{ "_id" : { "$oid" : "53efd9a3dabe6e14a737a9be" }, "status_code" : -2, "error_type" : "Error fetching results from BING API.\nError is : \"'Response' object has no attribute 'values'\".\nCheck your API key then check your credentials: number of calls may not exceed 5000req/month", "key" : "12378°Y03TY", "query" : "\"ebola\"" }
{ "_id" : { "$oid" : "53efd9afdabe6e14ae98c041" }, "status_code" : -2, "error_type" : "Error fetching results from BING API.\nError is : \"Expecting value: line 1 column 1 (char 0)\".\nCheck your API key then check your credentials: number of calls may not exceed 5000req/month", "key" : "12378°Y03TY", "query" : "\"ebola\"" }
{ "_id" : { "$oid" : "53efd9f9dabe6e14b5bb871f" }, "status_code" : -2, "error_type" : "Error fetching results from BING API.\nError is : \"'Response' object has no attribute 'status'\".\nCheck your API key then check your credentials: number of calls may not exceed 5000req/month", "key" : "12378°Y03TY", "query" : "\"ebola\"" }
{ "_id" : { "$oid" : "53efda26dabe6e14c9ba14ef" }, "status_code" : -2, "error_type" : "Error fetching results from BING API.\nError is : \"Expecting value: line 1 column 1 (char 0)\".\nCheck your API key then check your credentials: number of calls may not exceed 5000req/month", "key" : "12378°Y03TY", "query" : "\"ebola\"" }
{ "_id" : { "$oid" : "53efda70dabe6e14d45f8cf4" }, "status_code" : -2, "error_type" : "Error fetching results from BING API.\nError is : \"Expecting value: line 1 column 1 (char 0)\".\nCheck your API key then check your credentials: number of calls may not exceed 5000req/month", "key" : "12378°Y03TY", "query" : "\"ebola\"" }
{ "_id" : { "$oid" : "53efdabfdabe6e14de99fa0e" }, "status_code" : -2, "error_type" : "Error fetching results from BING API.\nError is : \"Expecting value: line 1 column 1 (char 0)\".\nCheck your API key then check your credentials: number of calls may not exceed 5000req/month", "key" : "12378°Y03TY", "query" : "\"ebola\"" }
{ "_id" : { "$oid" : "53efdadddabe6e14e5115ce7" }, "status_code" : -2, "error_type" : "Error fetching results from BING API.\nError is : \"Expecting value: line 1 column 1 (char 0)\".\nCheck your API key then check your credentials: number of calls may not exceed 5000req/month", "key" : "12378°Y03TY", "query" : "\"ebola\"" }
{ "_id" : { "$oid" : "53efdc10dabe6e1510a4b55e" }, "status_code" : -2, "error_type" : "Error fetching results from BING API.\nError is : \"Expecting value: line 1 column 1 (char 0)\".\nCheck your API key then check your credentials: number of calls may not exceed 5000req/month", "key" : "12378°Y03TY", "query" : "\"algues vertes\"" }
{ "_id" : { "$oid" : "53efdc4cdabe6e151b81e60a" }, "status_code" : -2, "error_type" : "Error fetching results from BING API.\nError is : \"Expecting value: line 1 column 1 (char 0)\".\nCheck your API key then check your credentials: number of calls may not exceed 5000req/month", "key" : "J8zQNrEwAJ2u3VcMykpouyPf4nvA6Wre1019v/dIT0o", "query" : "\"algues vertes\"" }
{ "_id" : { "$oid" : "53efdc83dabe6e1529c6cea1" }, "status_code" : -2, "error_type" : "Error fetching results from BING API.\nError is : \"Expecting value: line 1 column 1 (char 0)\".\nCheck your API key then check your credentials: number of calls may not exceed 5000req/month", "key" : "J8zQNrEwAJ2u3VcMykpouyPf4nvA6Wre1019v/dIT0o", "query" : "\"algues vertes\"" }
{ "_id" : { "$oid" : "53efdcfadabe6e15378070b1" }, "status_code" : -2, "error_type" : "Error fetching results from BING API.\nError is : \"400 Client Error: Bad Request\".\nCheck your API key then check your credentials: number of calls may not exceed 5000req/month", "key" : "J8zQNrEwAJ2u3VcMykpouyPf4nvA6Wre1019v/dIT0o", "query" : "\"algues vertes\"" }
{ "_id" : { "$oid" : "53efdd76dabe6e1542986043" }, "status_code" : 400, "error_type" : "Error fetching results from BING API.\nError is : \"400 Client Error: Bad Request\".\nCheck your API key then check your credentials: number of calls may not exceed 5000req/month", "key" : "J8zQNrEwAJ2u3VcMykpouyPf4nvA6Wre1019v/dIT0o", "query" : "ebola" }
{ "_id" : { "$oid" : "53efdd85dabe6e154906f08a" }, "status_code" : 400, "error_type" : "Error fetching results from BING API.\nError is : \"400 Client Error: Bad Request\".\nCheck your API key then check your credentials: number of calls may not exceed 5000req/month", "key" : "J8zQNrEwAJ2u3VcMykpouyPf4nvA6Wre1019v/dIT0o", "query" : "ebola" }
{ "_id" : { "$oid" : "53efddafdabe6e155dcea77e" }, "status_code" : -2, "error_type" : "Error fetching results from BING API.\nError is : \"Expecting value: line 1 column 1 (char 0)\".\nCheck your API key then check your credentials: number of calls may not exceed 5000req/month", "key" : "", "query" : "" }
{ "_id" : { "$oid" : "53efe0e6dabe6e159baf4cc4" }, "status_code" : -2, "error_type" : "Error fetching results from BING API.\nError is : \"'module' object has no attribute 'quoteplus'\".\nCheck your API key then check your credentials: number of calls may not exceed 5000req/month", "key" : "J8zQNrEwAJ2u3VcMykpouyPf4nvA6Wre1019v/dIT0o", "query" : "ebola" }
{ "_id" : { "$oid" : "53efe122dabe6e15a6246c4b" }, "status_code" : -2, "error_type" : "Error fetching results from BING API.\nError is : \"Expecting value: line 1 column 1 (char 0)\".\nCheck your API key then check your credentials: number of calls may not exceed 5000req/month", "key" : "J8zQNrEwAJ2u3VcMykpouyPf4nvA6Wre1019v/dIT0o", "query" : "ebola" }
{ "_id" : { "$oid" : "53efe16bdabe6e15b578ffb6" }, "status_code" : -2, "error_type" : "Error fetching results from BING API.\nError is : \"400 Client Error: Bad Request\".\nCheck your API key then check your credentials: number of calls may not exceed 5000req/month", "key" : "J8zQNrEwAJ2u3VcMykpouyPf4nvA6Wre1019v/dIT0o", "query" : "ebola" }
{ "_id" : { "$oid" : "53efe203dabe6e15c70357ce" }, "status_code" : -2, "error_type" : "Error fetching results from BING API.\nError is : \"unsupported operand type(s) for %: 'tuple' and 'str'\".\nCheck your API key then check your credentials: number of calls may not exceed 5000req/month", "key" : "J8zQNrEwAJ2u3VcMykpouyPf4nvA6Wre1019v/dIT0o", "query" : "ebola" }
{ "_id" : { "$oid" : "53efe225dabe6e15cc87959c" }, "status_code" : -2, "error_type" : "Error fetching results from BING API.\nError is : \"400 Client Error: Bad Request\".\nCheck your API key then check your credentials: number of calls may not exceed 5000req/month", "key" : "J8zQNrEwAJ2u3VcMykpouyPf4nvA6Wre1019v/dIT0o", "query" : "ebola" }
{ "_id" : { "$oid" : "53efe23adabe6e15d3e3b049" }, "status_code" : -2, "error_type" : "Error fetching results from BING API.\nError is : \"400 Client Error: Bad Request\".\nCheck your API key then check your credentials: number of calls may not exceed 5000req/month", "key" : "J8zQNrEwAJ2u3VcMykpouyPf4nvA6Wre1019v/dIT0o", "query" : "ebola" }
{ "_id" : { "$oid" : "53efe65cdabe6e168946611f" }, "status_code" : 200, "error_type" : "Error fetching results from BING API. string indices must be integers", "key" : "J8zQNrEwAJ2u3VcMykpouyPf4nvA6Wre1019v/dIT0o", "query" : "ebola" }
{ "_id" : { "$oid" : "53efe66ddabe6e16909c4f32" }, "status_code" : 200, "error_type" : "Error fetching results from BING API. string indices must be integers", "key" : "J8zQNrEwAJ2u3VcMykpouyPf4nvA6Wre1019v/dIT0o", "query" : "ebola" }
{ "_id" : { "$oid" : "53f07f56dabe6e0e9f864e3e" }, "status" : false, "code" : 406, "url" : "", "file" : "seeds.txt", "msg" : "Url is empty", "scope" : "search seeds from file" }
{ "_id" : { "$oid" : "53f07f66dabe6e0ea5d46a4c" }, "status" : false, "code" : 406, "url" : "", "file" : "seeds.txt", "msg" : "Url is empty", "scope" : "search seeds from file" }
{ "_id" : { "$oid" : "53f07f76dabe6e0ead4ea9dc" }, "status" : false, "code" : 406, "url" : "", "file" : "seeds.txt", "msg" : "Url is empty", "scope" : "search seeds from file" }
