{ "_id" : { "$oid" : "53f20445dabe6e13f28af013" }, "status" : false, "code" : 400, "url" : "http://www.liberatin.fr", "step" : "request", "msg" : "Request answer was not understood HTTPConnectionPool(host='www.liberatin.fr', port=80): Max retries exceeded with url: / (Caused by <class 'socket.gaierror'>: [Errno -2] Name or service not known)" }
{ "_id" : { "$oid" : "53f20622dabe6e146498743e" }, "status" : false, "code" : 400, "url" : "http://www.liberatin.fr", "step" : "request", "msg" : "Request answer was not understood HTTPConnectionPool(host='www.liberatin.fr', port=80): Max retries exceeded with url: / (Caused by <class 'socket.gaierror'>: [Errno -2] Name or service not known)" }
{ "_id" : { "$oid" : "53f20624dabe6e1464987441" }, "status" : false, "code" : -2, "url" : "http://tempsreel.nouvelobs.com/tag/ebola", "msg" : [ "'NoneType' object has no attribute 'cssselect'" ], "scope" : "article extraction" }
{ "_id" : { "$oid" : "53f20626dabe6e1464987445" }, "status" : false, "code" : -2, "url" : "http://fr.wikipedia.org/wiki/Ebola", "msg" : [ "'NoneType' object has no attribute 'cssselect'" ], "scope" : "article extraction" }
{ "_id" : { "$oid" : "53f20632dabe6e146498744f" }, "status" : false, "code" : -2, "url" : "http://www.giantmicrobes.com/fr/products/ebola.html", "msg" : [ "'NoneType' object has no attribute 'cssselect'" ], "scope" : "article extraction" }
{ "_id" : { "$oid" : "53f20633dabe6e1464987450" }, "status" : false, "code" : -2, "url" : "http://www.futura-sciences.com/photos/d/virus-bacteries-plus-mortels-709/ebola-virus-mortalite-plus-elevee-5154/", "msg" : [ "'NoneType' object has no attribute 'cssselect'" ], "scope" : "article extraction" }
{ "_id" : { "$oid" : "53f20639dabe6e1464987455" }, "status" : false, "code" : -2, "url" : "http://www.francetvinfo.fr/sante/maladie/ebola/", "msg" : [ "'NoneType' object has no attribute 'cssselect'" ], "scope" : "article extraction" }
{ "_id" : { "$oid" : "53f2063ddabe6e1464987458" }, "status" : false, "code" : -2, "url" : "http://healthmap.org/ebola/", "msg" : [ "'NoneType' object has no attribute 'cssselect'" ], "scope" : "article extraction" }
{ "_id" : { "$oid" : "53f2065edabe6e14976ce716" }, "status" : false, "code" : -2, "url" : "http://www.france24.com/fr/tag/virus-ebola/", "msg" : [ "'NoneType' object has no attribute 'cssselect'" ], "scope" : "article extraction" }
{ "_id" : { "$oid" : "53f20690dabe6e14ca48c315" }, "status" : false, "code" : -2, "url" : "http://tempsreel.nouvelobs.com/sante/20140818.OBS6568/ebola-quand-medecins-et-infirmieres-se-sacrifient.html", "msg" : [ "'NoneType' object has no attribute 'cssselect'" ], "scope" : "article extraction" }
{ "_id" : { "$oid" : "53f20692dabe6e14ca48c316" }, "status" : false, "code" : 400, "url" : "http://www.liberatin.fr", "step" : "request", "msg" : "Request answer was not understood HTTPConnectionPool(host='www.liberatin.fr', port=80): Max retries exceeded with url: / (Caused by <class 'socket.gaierror'>: [Errno -2] Name or service not known)" }
{ "_id" : { "$oid" : "53f20693dabe6e14ca48c319" }, "status" : false, "code" : -2, "url" : "http://tempsreel.nouvelobs.com/tag/ebola", "msg" : [ "'NoneType' object has no attribute 'cssselect'" ], "scope" : "article extraction" }
{ "_id" : { "$oid" : "53f20695dabe6e14ca48c31d" }, "status" : false, "code" : -2, "url" : "http://fr.wikipedia.org/wiki/Ebola", "msg" : [ "'NoneType' object has no attribute 'cssselect'" ], "scope" : "article extraction" }
{ "_id" : { "$oid" : "53f2069fdabe6e14ca48c327" }, "status" : false, "code" : -2, "url" : "http://www.giantmicrobes.com/fr/products/ebola.html", "msg" : [ "'NoneType' object has no attribute 'cssselect'" ], "scope" : "article extraction" }
{ "_id" : { "$oid" : "53f206a0dabe6e14ca48c328" }, "status" : false, "code" : -2, "url" : "http://www.futura-sciences.com/photos/d/virus-bacteries-plus-mortels-709/ebola-virus-mortalite-plus-elevee-5154/", "msg" : [ "'NoneType' object has no attribute 'cssselect'" ], "scope" : "article extraction" }
{ "_id" : { "$oid" : "53f206a9dabe6e14ca48c32f" }, "status" : false, "code" : -2, "url" : "http://healthmap.org/ebola/", "msg" : [ "'NoneType' object has no attribute 'cssselect'" ], "scope" : "article extraction" }
{ "_id" : { "$oid" : "53f206bcdabe6e14ca48c341" }, "status" : false, "code" : -2, "url" : "http://www.francetvinfo.fr/sante/maladie/ebola/", "msg" : [ "'NoneType' object has no attribute 'cssselect'" ], "scope" : "article extraction" }
{ "_id" : { "$oid" : "53f206c0dabe6e14ca48c346" }, "status" : false, "code" : -2, "url" : "http://www.france24.com/fr/tag/virus-ebola/", "msg" : [ "'NoneType' object has no attribute 'cssselect'" ], "scope" : "article extraction" }
{ "_id" : { "$oid" : "53f207eedabe6e155d0fb432" }, "status" : false, "code" : 400, "url" : "http://www.liberatin.fr", "step" : "request", "msg" : "Request answer was not understood HTTPConnectionPool(host='www.liberatin.fr', port=80): Max retries exceeded with url: / (Caused by <class 'socket.gaierror'>: [Errno -2] Name or service not known)" }
{ "_id" : { "$oid" : "53f207f1dabe6e155d0fb435" }, "status" : false, "code" : -2, "url" : "http://tempsreel.nouvelobs.com/tag/ebola", "msg" : [ "'NoneType' object has no attribute 'cssselect'" ], "scope" : "article extraction" }
{ "_id" : { "$oid" : "53f207f2dabe6e155d0fb439" }, "status" : false, "code" : -2, "url" : "http://fr.wikipedia.org/wiki/Ebola", "msg" : [ "'NoneType' object has no attribute 'cssselect'" ], "scope" : "article extraction" }
{ "_id" : { "$oid" : "53f20803dabe6e155d0fb43f" }, "status" : false, "code" : 400, "url" : "http://www.deezer.com/artist/115179", "step" : "request", "msg" : "Request answer was not understood (<requests.packages.urllib3.connectionpool.HTTPConnectionPool object at 0x7f34f4341110>, 'Connection to www.deezer.com timed out. (connect timeout=5)')" }
{ "_id" : { "$oid" : "53f20806dabe6e155d0fb443" }, "status" : false, "code" : -2, "url" : "http://www.giantmicrobes.com/fr/products/ebola.html", "msg" : [ "'NoneType' object has no attribute 'cssselect'" ], "scope" : "article extraction" }
{ "_id" : { "$oid" : "53f20806dabe6e155d0fb444" }, "status" : false, "code" : -2, "url" : "http://www.futura-sciences.com/photos/d/virus-bacteries-plus-mortels-709/ebola-virus-mortalite-plus-elevee-5154/", "msg" : [ "'NoneType' object has no attribute 'cssselect'" ], "scope" : "article extraction" }
{ "_id" : { "$oid" : "53f2080cdabe6e155d0fb449" }, "status" : false, "code" : -2, "url" : "http://www.francetvinfo.fr/sante/maladie/ebola/", "msg" : [ "'NoneType' object has no attribute 'cssselect'" ], "scope" : "article extraction" }
{ "_id" : { "$oid" : "53f2080fdabe6e155d0fb44b" }, "status" : false, "code" : -2, "url" : "http://www.ndtv.com/topic/ebola", "msg" : [ "Unicode strings with encoding declaration are not supported. Please use bytes input or XML fragments without declaration." ], "scope" : "article extraction" }
{ "_id" : { "$oid" : "53f20810dabe6e155d0fb44c" }, "status" : false, "code" : -2, "url" : "http://healthmap.org/ebola/", "msg" : [ "'NoneType' object has no attribute 'cssselect'" ], "scope" : "article extraction" }
{ "_id" : { "$oid" : "53f20814dabe6e155d0fb451" }, "status" : false, "code" : -2, "url" : "http://www.france24.com/fr/tag/virus-ebola/", "msg" : [ "'NoneType' object has no attribute 'cssselect'" ], "scope" : "article extraction" }
{ "_id" : { "$oid" : "53f20818dabe6e155d0fb456" }, "status" : false, "code" : -2, "url" : "http://tempsreel.nouvelobs.com/sante/20140818.OBS6568/ebola-quand-medecins-et-infirmieres-se-sacrifient.html", "msg" : [ "'NoneType' object has no attribute 'cssselect'" ], "scope" : "article extraction" }
{ "_id" : { "$oid" : "53f20888dabe6e15887a3d9e" }, "status" : false, "code" : 400, "url" : "http://www.liberatin.fr", "step" : "request", "msg" : "Request answer was not understood HTTPConnectionPool(host='www.liberatin.fr', port=80): Max retries exceeded with url: / (Caused by <class 'socket.gaierror'>: [Errno -2] Name or service not known)" }
{ "_id" : { "$oid" : "53f2088adabe6e15887a3da1" }, "status" : false, "code" : -2, "url" : "http://tempsreel.nouvelobs.com/tag/ebola", "msg" : [ "'NoneType' object has no attribute 'cssselect'" ], "scope" : "article extraction" }
{ "_id" : { "$oid" : "53f2088cdabe6e15887a3da5" }, "status" : false, "code" : -2, "url" : "http://fr.wikipedia.org/wiki/Ebola", "msg" : [ "'NoneType' object has no attribute 'cssselect'" ], "scope" : "article extraction" }
{ "_id" : { "$oid" : "53f2089bdabe6e15887a3dab" }, "status" : false, "code" : 400, "url" : "http://www.deezer.com/artist/115179", "step" : "request", "msg" : "Request answer was not understood (<requests.packages.urllib3.connectionpool.HTTPConnectionPool object at 0x7f1370469390>, 'Connection to www.deezer.com timed out. (connect timeout=5)')" }
{ "_id" : { "$oid" : "53f208a1dabe6e15887a3dae" }, "status" : false, "code" : 400, "url" : "http://abcnews.go.com/topics/lifestyle/health/ebola-virus.htm", "step" : "request", "msg" : "Request answer was not understood timed out" }
{ "_id" : { "$oid" : "53f208acdabe6e15887a3daf" }, "status" : false, "code" : -2, "url" : "http://www.giantmicrobes.com/fr/products/ebola.html", "msg" : [ "'NoneType' object has no attribute 'cssselect'" ], "scope" : "article extraction" }
{ "_id" : { "$oid" : "53f208addabe6e15887a3db0" }, "status" : false, "code" : -2, "url" : "http://www.futura-sciences.com/photos/d/virus-bacteries-plus-mortels-709/ebola-virus-mortalite-plus-elevee-5154/", "msg" : [ "'NoneType' object has no attribute 'cssselect'" ], "scope" : "article extraction" }
{ "_id" : { "$oid" : "53f208b8dabe6e15887a3db2" }, "status" : false, "code" : 400, "url" : "http://time.com/tag/ebola/", "step" : "request", "msg" : "Request answer was not understood HTTPConnectionPool(host='time.com', port=80): Read timed out. (read timeout=5)" }
{ "_id" : { "$oid" : "53f208c2dabe6e15887a3db3" }, "status" : false, "code" : 400, "url" : "http://en.wikipedia.org/wiki/Ebola_virus_disease", "step" : "request", "msg" : "Request answer was not understood HTTPConnectionPool(host='en.wikipedia.org', port=80): Max retries exceeded with url: /wiki/Ebola_virus_disease (Caused by <class 'socket.gaierror'>: [Errno -2] Name or service not known)" }
{ "_id" : { "$oid" : "53f208ccdabe6e15887a3db4" }, "status" : false, "code" : 400, "url" : "http://www.slate.fr/story/90979/ebola-traitement-faq", "step" : "request", "msg" : "Request answer was not understood HTTPConnectionPool(host='www.slate.fr', port=80): Max retries exceeded with url: /story/90979/ebola-traitement-faq (Caused by <class 'socket.gaierror'>: [Errno -2] Name or service not known)" }
{ "_id" : { "$oid" : "53f208d6dabe6e15887a3db5" }, "status" : false, "code" : 400, "url" : "http://www.francetvinfo.fr/sante/maladie/ebola/", "step" : "request", "msg" : "Request answer was not understood HTTPConnectionPool(host='www.francetvinfo.fr', port=80): Max retries exceeded with url: /sante/maladie/ebola/ (Caused by <class 'socket.gaierror'>: [Errno -2] Name or service not known)" }
{ "_id" : { "$oid" : "53f208e0dabe6e15887a3db6" }, "status" : false, "code" : 400, "url" : "http://abcnews.go.com/Health/ebola/", "step" : "request", "msg" : "Request answer was not understood HTTPConnectionPool(host='abcnews.go.com', port=80): Max retries exceeded with url: /Health/ebola/ (Caused by <class 'socket.gaierror'>: [Errno -2] Name or service not known)" }
{ "_id" : { "$oid" : "53f208eadabe6e15887a3db7" }, "status" : false, "code" : 400, "url" : "http://www.ndtv.com/topic/ebola", "step" : "request", "msg" : "Request answer was not understood HTTPConnectionPool(host='www.ndtv.com', port=80): Max retries exceeded with url: /topic/ebola (Caused by <class 'socket.gaierror'>: [Errno -2] Name or service not known)" }
{ "_id" : { "$oid" : "53f208f9dabe6e15887a3db8" }, "status" : false, "code" : 400, "url" : "http://healthmap.org/ebola/", "step" : "request", "msg" : "Request answer was not understood (<requests.packages.urllib3.connectionpool.HTTPConnectionPool object at 0x7f137046c850>, 'Connection to healthmap.org timed out. (connect timeout=5)')" }
{ "_id" : { "$oid" : "53f2090ddabe6e15887a3db9" }, "status" : false, "code" : 400, "url" : "http://www.telegraph.co.uk/news/worldnews/ebola/", "step" : "request", "msg" : "Request answer was not understood HTTPConnectionPool(host='www.telegraph.co.uk', port=80): Max retries exceeded with url: /news/worldnews/ebola/ (Caused by <class 'socket.gaierror'>: [Errno -2] Name or service not known)" }
{ "_id" : { "$oid" : "53f2090ddabe6e15887a3dba" }, "status" : false, "code" : 400, "url" : "http://www.rfi.fr/emission/20140701-1-ebola/", "step" : "request", "msg" : "Request answer was not understood HTTPConnectionPool(host='www.rfi.fr', port=80): Max retries exceeded with url: /emission/20140701-1-ebola/ (Caused by <class 'socket.gaierror'>: [Errno -2] Name or service not known)" }
{ "_id" : { "$oid" : "53f2090ddabe6e15887a3dbb" }, "status" : false, "code" : 400, "url" : "http://www.doctorswithoutborders.org/our-work/medical-issues/ebola", "step" : "request", "msg" : "Request answer was not understood HTTPConnectionPool(host='www.doctorswithoutborders.org', port=80): Max retries exceeded with url: /our-work/medical-issues/ebola (Caused by <class 'socket.gaierror'>: [Errno -2] Name or service not known)" }
{ "_id" : { "$oid" : "53f2090ddabe6e15887a3dbc" }, "status" : false, "code" : 400, "url" : "http://www.nytimes.com/health/guides/disease/ebola-hemorrhagic-fever/overview.html", "step" : "request", "msg" : "Request answer was not understood HTTPConnectionPool(host='www.nytimes.com', port=80): Max retries exceeded with url: /health/guides/disease/ebola-hemorrhagic-fever/overview.html (Caused by <class 'socket.gaierror'>: [Errno -2] Name or service not known)" }
{ "_id" : { "$oid" : "53f2090ddabe6e15887a3dbd" }, "status" : false, "code" : 400, "url" : "http://www.france24.com/fr/tag/virus-ebola/", "step" : "request", "msg" : "Request answer was not understood HTTPConnectionPool(host='www.france24.com', port=80): Max retries exceeded with url: /fr/tag/virus-ebola/ (Caused by <class 'socket.gaierror'>: [Errno -2] Name or service not known)" }
{ "_id" : { "$oid" : "53f2090ddabe6e15887a3dbe" }, "status" : false, "code" : 400, "url" : "http://www.slate.fr/story/91033/ebola-mandarin-ethique", "step" : "request", "msg" : "Request answer was not understood HTTPConnectionPool(host='www.slate.fr', port=80): Max retries exceeded with url: /story/91033/ebola-mandarin-ethique (Caused by <class 'socket.gaierror'>: [Errno -2] Name or service not known)" }
{ "_id" : { "$oid" : "53f2090ddabe6e15887a3dbf" }, "status" : false, "code" : 400, "url" : "http://www.ladepeche.fr/article/2014/08/18/1935738-ebola-29-malades-s-enfuient.html", "step" : "request", "msg" : "Request answer was not understood HTTPConnectionPool(host='www.ladepeche.fr', port=80): Max retries exceeded with url: /article/2014/08/18/1935738-ebola-29-malades-s-enfuient.html (Caused by <class 'socket.gaierror'>: [Errno -2] Name or service not known)" }
{ "_id" : { "$oid" : "53f2090ddabe6e15887a3dc0" }, "status" : false, "code" : 400, "url" : "http://www.lefigaro.fr/flash-actu/2014/08/17/97001-20140817FILWWW00018-ebola-1er-cas-suspect-en-espagne.php", "step" : "request", "msg" : "Request answer was not understood HTTPConnectionPool(host='www.lefigaro.fr', port=80): Max retries exceeded with url: /flash-actu/2014/08/17/97001-20140817FILWWW00018-ebola-1er-cas-suspect-en-espagne.php (Caused by <class 'socket.gaierror'>: [Errno -2] Name or service not known)" }
{ "_id" : { "$oid" : "53f2090ddabe6e15887a3dc1" }, "status" : false, "code" : 400, "url" : "http://www.lefigaro.fr/international/2014/08/09/01003-20140809ARTFIG00136-ebola-la-zambie-et-la-guinee-ferment-leurs-frontieres.php", "step" : "request", "msg" : "Request answer was not understood HTTPConnectionPool(host='www.lefigaro.fr', port=80): Max retries exceeded with url: /international/2014/08/09/01003-20140809ARTFIG00136-ebola-la-zambie-et-la-guinee-ferment-leurs-frontieres.php (Caused by <class 'socket.gaierror'>: [Errno -2] Name or service not known)" }
{ "_id" : { "$oid" : "53f2090edabe6e15887a3dc2" }, "status" : false, "code" : 400, "url" : "http://tempsreel.nouvelobs.com/sante/20140818.OBS6568/ebola-quand-medecins-et-infirmieres-se-sacrifient.html", "step" : "request", "msg" : "Request answer was not understood HTTPConnectionPool(host='tempsreel.nouvelobs.com', port=80): Max retries exceeded with url: /sante/20140818.OBS6568/ebola-quand-medecins-et-infirmieres-se-sacrifient.html (Caused by <class 'socket.gaierror'>: [Errno -2] Name or service not known)" }
{ "_id" : { "$oid" : "53f2090edabe6e15887a3dc3" }, "status" : false, "code" : 400, "url" : "http://ebola.emedtv.com/ebola/ebola-symptoms.html", "step" : "request", "msg" : "Request answer was not understood HTTPConnectionPool(host='ebola.emedtv.com', port=80): Max retries exceeded with url: /ebola/ebola-symptoms.html (Caused by <class 'socket.gaierror'>: [Errno -2] Name or service not known)" }
{ "_id" : { "$oid" : "53f2090edabe6e15887a3dc4" }, "status" : false, "code" : 400, "url" : "http://www.futura-sciences.com/magazines/sante/infos/dico/d/medecine-fievre-hemorragique-virus-ebola-4217/", "step" : "request", "msg" : "Request answer was not understood HTTPConnectionPool(host='www.futura-sciences.com', port=80): Max retries exceeded with url: /magazines/sante/infos/dico/d/medecine-fievre-hemorragique-virus-ebola-4217/ (Caused by <class 'socket.gaierror'>: [Errno -2] Name or service not known)" }
{ "_id" : { "$oid" : "53f2090edabe6e15887a3dc5" }, "status" : false, "code" : 400, "url" : "http://www.lesechos.fr/monde/europe/0203706691534-ebola-un-cas-suspect-en-espagne-1033554.php", "step" : "request", "msg" : "Request answer was not understood HTTPConnectionPool(host='www.lesechos.fr', port=80): Max retries exceeded with url: /monde/europe/0203706691534-ebola-un-cas-suspect-en-espagne-1033554.php (Caused by <class 'socket.gaierror'>: [Errno -2] Name or service not known)" }
{ "_id" : { "$oid" : "53f2090edabe6e15887a3dc6" }, "status" : false, "code" : 400, "url" : "http://news.msn.com/world/liberia-ebola-fears-rise-as-clinic-is-looted", "step" : "request", "msg" : "Request answer was not understood HTTPConnectionPool(host='news.msn.com', port=80): Max retries exceeded with url: /world/liberia-ebola-fears-rise-as-clinic-is-looted (Caused by <class 'socket.gaierror'>: [Errno -2] Name or service not known)" }
{ "_id" : { "$oid" : "53f2090edabe6e15887a3dc7" }, "status" : false, "code" : 400, "url" : "http://www.libertebonhomme.fr/2014/08/18/fausse-alerte-au-virus-ebola-au-chu-de-caen/", "step" : "request", "msg" : "Request answer was not understood HTTPConnectionPool(host='www.libertebonhomme.fr', port=80): Max retries exceeded with url: /2014/08/18/fausse-alerte-au-virus-ebola-au-chu-de-caen/ (Caused by <class 'socket.gaierror'>: [Errno -2] Name or service not known)" }
{ "_id" : { "$oid" : "53f2090edabe6e15887a3dc8" }, "status" : false, "code" : 400, "url" : "http://www.europe1.fr/International/Ebola-au-Liberia-un-centre-d-isolement-attaque-2204955/", "step" : "request", "msg" : "Request answer was not understood HTTPConnectionPool(host='www.europe1.fr', port=80): Max retries exceeded with url: /International/Ebola-au-Liberia-un-centre-d-isolement-attaque-2204955/ (Caused by <class 'socket.gaierror'>: [Errno -2] Name or service not known)" }
{ "_id" : { "$oid" : "53f2090edabe6e15887a3dc9" }, "status" : false, "code" : 400, "url" : "http://www.infoplease.com/cig/dangerous-diseases-epidemics/ebola-africa-bloody-disease.html", "step" : "request", "msg" : "Request answer was not understood HTTPConnectionPool(host='www.infoplease.com', port=80): Max retries exceeded with url: /cig/dangerous-diseases-epidemics/ebola-africa-bloody-disease.html (Caused by <class 'socket.gaierror'>: [Errno -2] Name or service not known)" }
{ "_id" : { "$oid" : "53f2090edabe6e15887a3dca" }, "status" : false, "code" : 400, "url" : "http://www.lemonde.fr/planete/article/2014/08/06/ebola-quel-scenario-si-une-personne-infectee-arrive-en-france_4467364_3244.html", "step" : "request", "msg" : "Request answer was not understood HTTPConnectionPool(host='www.lemonde.fr', port=80): Max retries exceeded with url: /planete/article/2014/08/06/ebola-quel-scenario-si-une-personne-infectee-arrive-en-france_4467364_3244.html (Caused by <class 'socket.gaierror'>: [Errno -2] Name or service not known)" }
{ "_id" : { "$oid" : "53f2090edabe6e15887a3dcb" }, "status" : false, "code" : 400, "url" : "http://www.liberation.fr/economie/2014/08/17/ebola-poussee-de-violence-au-liberia_1082287", "step" : "request", "msg" : "Request answer was not understood HTTPConnectionPool(host='www.liberation.fr', port=80): Max retries exceeded with url: /economie/2014/08/17/ebola-poussee-de-violence-au-liberia_1082287 (Caused by <class 'socket.gaierror'>: [Errno -2] Name or service not known)" }
{ "_id" : { "$oid" : "53f2090edabe6e15887a3dcc" }, "status" : false, "code" : 400, "url" : "http://www.rfi.fr/afrique/20140807-face-ebola-le-liberia-degaine-etat-urgence-priere/", "step" : "request", "msg" : "Request answer was not understood HTTPConnectionPool(host='www.rfi.fr', port=80): Max retries exceeded with url: /afrique/20140807-face-ebola-le-liberia-degaine-etat-urgence-priere/ (Caused by <class 'socket.gaierror'>: [Errno -2] Name or service not known)" }
{ "_id" : { "$oid" : "53f2090edabe6e15887a3dcd" }, "status" : false, "code" : 400, "url" : "http://www.liberation.fr/monde/2014/08/18/le-liberia-recherche-17-malades-d-ebola-enfuits-d-un-centre-de-soins_1082601", "step" : "request", "msg" : "Request answer was not understood HTTPConnectionPool(host='www.liberation.fr', port=80): Max retries exceeded with url: /monde/2014/08/18/le-liberia-recherche-17-malades-d-ebola-enfuits-d-un-centre-de-soins_1082601 (Caused by <class 'socket.gaierror'>: [Errno -2] Name or service not known)" }
